bioguide_id,name,name_confirm_from_sunlight,in_office,G000546,HON. SAM GRAVES,REP. SAMUEL 'SAM' GRAVES,TRUE,K000172,HON. DALE E KILDEE,REP. DALE KILDEE,TRUE,M000934,HON. JERRY MORAN,REP. JERRY MORAN,TRUE,T000467,HON. GLENN THOMPSON,REP. GLENN 'G.T.' THOMPSON JR.,TRUE,R000577,HON. TIMOTHY J. RYAN,REP. TIMOTHY 'TIM' RYAN,TRUE,C000380,HON. DONNA MC CHRISTENSEN,DEL. DONNA CHRISTENSEN,TRUE,B001248,HON. MICHAEL C. BURGESS,REP. MICHAEL BURGESS,TRUE,L000569,HON. BLAINE LUETKEMEYER,REP. BLAINE LUETKEMEYER,TRUE,I000023,HON. BOB INGLIS,REP. ROBERT 'BOB' INGLIS SR.,TRUE,L000571,HON. CYNTHIA M. LUMMIS,REP. CYNTHIA LUMMIS,TRUE,Y000033,HON. DON YOUNG,REP. DONALD 'DON' YOUNG,TRUE,S001158,HON. JOHN T. SALAZAR,REP. JOHN SALAZAR,TRUE,C001067,HON. YVETTE D. CLARKE,REP. YVETTE CLARKE,TRUE,S000244,HON. F JAMES SENSENBRENNER JR,REP. JAMES 'JIM' SENSENBRENNER JR.,TRUE,S001150,HON. ADAM B. SCHIFF,REP. ADAM SCHIFF,TRUE,H001037,HON. STEPHANIE HERSETH,,,B000287,HON. XAVIER BECERRA,REP. XAVIER BECERRA,TRUE,Y000062,HON. JOHN A. YARMUTH,REP. JOHN YARMUTH,TRUE,D000096,HON. DANNY K. DAVIS,REP. DANNY DAVIS,TRUE,T000238,HON. MAC THORNBERRY,REP. WILLIAM 'MAC' THORNBERRY,TRUE,C001049,HON. WILLIAM LACY CLAY,REP. WILLIAM 'LACY' CLAY JR.,TRUE,K000362,HON. STEVE KING,REP. STEVE KING,TRUE,L000111,HON. TOM LATHAM,REP. THOMAS 'TOM' LATHAM,TRUE,K000188,HON. RON KIND,REP. RONALD 'RON' KIND,TRUE,H000627,HON. MAURICE D HINCHEY,REP. MAURICE HINCHEY,TRUE,K000220,HON. JACK KINGSTON,REP. JACK KINGSTON,TRUE,P000583,HON. RON PAUL,REP. RONALD 'RON' PAUL,TRUE,D000609,HON. STEVE DRIEHAUS,REP. STEVEN 'STEVE' DRIEHAUS,TRUE,K000366,HON. RON KLEIN,REP. RON KLEIN,TRUE,T000465,HON. NIKI TSONGAS,REP. NICOLA 'NIKI' TSONGAS,TRUE,B001242,HON. TIMOTHY H. BISHOP,REP. TIMOTHY BISHOP,TRUE,B000213,HON. JOE BARTON,REP. JOE BARTON,TRUE,F000372,HON. RODNEY P FRELINGHUYSEN,REP. RODNEY FRELINGHUYSEN,TRUE,G000550,HON. PHIL GINGREY,REP. PHIL GINGREY,TRUE,G000557,HON. PARKER GRIFFITH,REP. PARKER GRIFFITH,TRUE,R000486,HON. LUCILLE ROYBAL-ALLARD,REP. LUCILLE ROYBAL-ALLARD,TRUE,G000551,HON. RAUL M. GRIJALVA,REP. RAUL GRIJALVA,TRUE,R000580,HON. PETER J. ROSKAM,REP. PETER ROSKAM,TRUE,C001047,HON. SHELLEY MOORE CAPITO,REP. SHELLEY CAPITO,TRUE,B000575,HON. ROY BLUNT,REP. ROY BLUNT,TRUE,K000180,HON. CAROLYN C. KILPATRICK,REP. CAROLYN KILPATRICK,TRUE,B001239,HON. J. GRESHAM BARRETT,REP. J. GRESHAM BARRETT,TRUE,W000801,HON. CHARLES A. WILSON,REP. CHARLES 'CHARLIE' WILSON JR.,TRUE,L000559,HON. JAMES R. LANGEVIN,REP. JAMES 'JIM' LANGEVIN,TRUE,G000552,HON. LOUIE GOHMERT,REP. LOUIS 'LOUIE' GOHMERT,TRUE,M000404,HON. JIM MCDERMOTT,REP. JAMES 'JIM' MCDERMOTT,TRUE,C001068,HON. STEVE COHEN,REP. STEVE COHEN,TRUE,J000290,HON. LYNN JENKINS,REP. LYNN JENKINS,TRUE,H000712,HON. TIM HOLDEN,REP. TIM HOLDEN,TRUE,T000459,HON. LEE TERRY,REP. LEE TERRY,TRUE,D000604,HON. CHARLES W. DENT,REP. CHARLES DENT,TRUE,P000265,HON. THOMAS PETRI,REP. THOMAS 'TOM' PETRI,TRUE,R000568,HON. CIRO RODRIGUEZ,REP. CIRO RODRIGUEZ,TRUE,Q000023,HON. MIKE QUIGLEY,REP. MIKE QUIGLEY,TRUE,N000183,HON. GLENN C. NYE III,REP. GLENN NYE III,TRUE,T000468,HON. DINA TITUS,REP. ALICE 'DINA' TITUS,TRUE,S000364,HON. JOHN SHIMKUS,REP. JOHN SHIMKUS,TRUE,W000804,HON. ROBERT J. WITTMAN,REP. ROBERT 'ROB' WITTMAN,TRUE,M001151,HON. TIM MURPHY,REP. TIM MURPHY,TRUE,T000460,HON. MIKE THOMPSON,REP. MICHAEL 'MIKE' THOMPSON,TRUE,H001038,HON. BRIAN HIGGINS,REP. BRIAN HIGGINS,TRUE,C000243,HON. MICHAEL N CASTLE,REP. MICHAEL CASTLE,TRUE,S001173,HON. ZACHARY T. SPACE,REP. ZACHARY 'ZACK' SPACE,TRUE,F000454,HON. BILL FOSTER,REP. BILL FOSTER,TRUE,L000491,HON. FRANK D LUCAS,REP. FRANK LUCAS,TRUE,I000056,HON. DARRELL E. ISSA,REP. DARRELL ISSA,TRUE,M000725,HON. GEORGE MILLER,REP. GEORGE MILLER,TRUE,F000448,HON. TRENT FRANKS,REP. TRENT FRANKS,TRUE,W000672,HON. FRANK R WOLF,REP. FRANK WOLF,TRUE,K000365,HON. STEVE KAGEN,REP. STEVEN KAGEN,TRUE,H001030,HON. BARON P. HILL,REP. BARON HILL,TRUE,L000560,HON. RICK LARSEN,REP. RICK LARSEN,TRUE,M001155,HON. CONNIE MACK,REP. CONNIE MACK IV,TRUE,B001260,HON. VERN BUCHANAN,REP. VERN BUCHANAN,TRUE,S001172,HON. ADRIAN SMITH,REP. ADRIAN SMITH,TRUE,S001180,HON. KURT SCHRADER,REP. KURT SCHRADER,TRUE,E000063,HON. CHET EDWARDS,REP. THOMAS 'CHET' EDWARDS,TRUE,A000365,HON. STEVE AUSTRIA,REP. STEVEN 'STEVE' AUSTRIA,TRUE,L000557,HON. JOHN B. LARSON,REP. JOHN LARSON,TRUE,C001080,HON. JUDY CHU,REP. JUDY CHU,TRUE,M001169,HON. CHRISTOPHER S. MURPHY,REP. CHRISTOPHER 'CHRIS' MURPHY,TRUE,S000480,HON. LOUISE MCINTOSH SLAUGHTER,REP. LOUISE SLAUGHTER,TRUE,B000911,HON. CORRINE BROWN,REP. CORRINE BROWN,TRUE,M001147,HON. THADDEUS G. MCCOTTER,REP. THADDEUS 'THAD' MCCOTTER,TRUE,S000822,HON. CLIFF STEARNS,REP. CLIFFORD 'CLIFF' STEARNS,TRUE,E000172,HON. JO ANN EMERSON,REP. JO ANN EMERSON,TRUE,M001142,HON. JIM MATHESON,REP. JIM MATHESON,TRUE,B001253,HON. MELISSA L. BEAN,REP. MELISSA BEAN,TRUE,N000179,HON. GRACE F. NAPOLITANO,REP. GRACE NAPOLITANO,TRUE,L000263,HON. SANDER M LEVIN,REP. SANDER 'SANDY' LEVIN,TRUE,A000358,HON. W. TODD AKIN,REP. W. TODD AKIN,TRUE,W000800,HON. PETER WELCH,REP. PETER WELCH,TRUE,S001175,HON. JACKIE SPEIER,REP. K. JACQUELINE 'JACKIE' SPEIER,TRUE,R000573,HON. MIKE ROSS,REP. MIKE ROSS,TRUE,C001058,HON. BEN CHANDLER,REP. ALBERT 'BEN' CHANDLER III,TRUE,C000556,HON. HOWARD COBLE,REP. JOHN 'HOWARD' COBLE,TRUE,B000574,HON. EARL BLUMENAUER,REP. EARL BLUMENAUER,TRUE,E000092,HON. VERNON J EHLERS,REP. VERNON 'VERN' EHLERS,TRUE,N000147,HON. ELEANOR HOLMES NORTON,DEL. ELEANOR NORTON,TRUE,M001159,HON. CATHY MCMORRIS RODGERS,,,D000355,HON. JOHN D DINGELL,REP. JOHN DINGELL,TRUE,S001164,HON. JEAN SCHMIDT,REP. JEAN SCHMIDT,TRUE,G000309,HON. BART GORDON,REP. BART GORDON,TRUE,E000289,HON. BRAD ELLSWORTH,REP. BRAD ELLSWORTH,TRUE,C000059,HON. KEN CALVERT,REP. KEN CALVERT,TRUE,A000014,HON. NEIL ABERCROMBIE,REP. NEIL ABERCROMBIE,FALSE,L000287,HON. JOHN LEWIS,REP. JOHN LEWIS,TRUE,B001229,HON. BRIAN BAIRD,REP. BRIAN BAIRD,TRUE,D000603,HON. GEOFF DAVIS,REP. GEOFF DAVIS,TRUE,M001171,HON. DANIEL B. MAFFEI,REP. DANIEL 'DAN' MAFFEI,TRUE,G000535,HON. LUIS V GUTIERREZ,REP. LUIS GUTIERREZ,TRUE,J000283,HON. JESSE L JACKSON JR,REP. JESSE JACKSON JR.,TRUE,C001076,HON. JASON CHAFFETZ,REP. JASON CHAFFETZ,TRUE,O000107,HON. SOLOMON P ORTIZ,REP. SOLOMON ORTIZ SR.,TRUE,B001247,HON. GINNY BROWN-WAITE,REP. VIRGINIA 'GINNY' BROWN-WAITE,TRUE,S000510,HON. ADAM SMITH,REP. ADAM SMITH,TRUE,O000085,HON. JOHN OLVER,REP. JOHN OLVER,TRUE,D000399,HON. LLOYD DOGGETT,REP. LLOYD DOGGETT,TRUE,L000551,HON. BARBARA LEE,REP. BARBARA LEE,TRUE,W000795,HON. JOE WILSON,REP. ADDISON 'JOE' WILSON SR.,TRUE,S000344,HON. BRAD SHERMAN,REP. BRAD SHERMAN,TRUE,A000210,HON. ROBERT ANDREWS,REP. ROBERT 'ROB' ANDREWS,TRUE,S001168,HON. JOHN P. SARBANES,REP. JOHN SARBANES,TRUE,B001227,HON. ROBERT A. BRADY,REP. ROBERT 'BOB' BRADY,TRUE,C000984,HON. ELIJAH CUMMINGS,REP. ELIJAH CUMMINGS,TRUE,C000537,HON. JAMES E CLYBURN,REP. JAMES 'JIM' CLYBURN,TRUE,C000071,HON. DAVE CAMP,REP. DAVID 'DAVE' CAMP,TRUE,C001072,HON. ANDRE CARSON,REP. ANDRE CARSON,TRUE,H000874,HON. STENY H HOYER,REP. STENY HOYER,TRUE,G000549,HON. JIM GERLACH,REP. JIM GERLACH,TRUE,E000290,HON. DONNA F. EDWARDS,REP. DONNA EDWARDS,TRUE,B001254,HON. DAN BOREN,REP. DAVID 'DAN' BOREN,TRUE,M001160,HON. GWEN MOORE,REP. GWENDOLYNNE 'GWEN' MOORE,TRUE,W000738,HON. LYNN C WOOLSEY,REP. LYNN WOOLSEY,TRUE,L000570,HON. BEN RAY LUJAN,REP. BEN LUJAN JR.,TRUE,B000657,HON. RICK BOUCHER,REP. FREDERICK 'RICK' BOUCHER,TRUE,H000067,HON. RALPH M HALL,REP. RALPH HALL,TRUE,N000002,HON. JERROLD NADLER,REP. JERROLD NADLER,TRUE,R000570,HON. PAUL RYAN,REP. PAUL RYAN,TRUE,K000360,HON. MARK STEVEN KIRK,REP. MARK KIRK,TRUE,C001074,HON. TRAVIS W. CHILDERS,REP. TRAVIS CHILDERS,TRUE,M001177,HON. TOM MCCLINTOCK,REP. TOM MCCLINTOCK,TRUE,M001149,HON. MICHAEL H. MICHAUD,REP. MICHAEL 'MIKE' MICHAUD,TRUE,P000096,"HON. BILL PASCRELL, JR.",REP. WILLIAM 'BILL' PASCRELL JR.,TRUE,L000321,HON. JOHN LINDER,REP. JOHN LINDER,TRUE,N000182,HON. RANDY NEUGEBAUER,REP. RANDY NEUGEBAUER,TRUE,F000456,HON. JOHN FLEMING,REP. JOHN FLEMING,TRUE,O000168,HON. PETE OLSON,REP. PETE OLSON,TRUE,M001154,HON. BRAD MILLER,REP. RALPH 'BRAD' MILLER,TRUE,R000515,HON. BOBBY L RUSH,REP. BOBBY RUSH,TRUE,W000797,HON. DEBBIE WASSERMAN SCHULTZ,REP. DEBBIE WASSERMAN SCHULTZ,TRUE,H000528,HON. WALLY HERGER,REP. WALTER 'WALLY' HERGER JR.,TRUE,W000794,HON. DIANE E. WATSON,REP. DIANE WATSON,TRUE,C001036,HON. LOIS CAPPS,REP. LOIS CAPPS,TRUE,G000554,HON. GABRIELLE GIFFORDS,REP. GABRIELLE GIFFORDS,TRUE,G000556,HON. ALAN GRAYSON,REP. ALAN GRAYSON,TRUE,D000533,"HON. JOHN J. DUNCAN, JR.",REP. JOHN DUNCAN JR.,TRUE,A000055,HON. ROBERT B. ADERHOLT,REP. ROBERT ADERHOLT,TRUE,F000449,HON. JEFF FORTENBERRY,REP. JEFF FORTENBERRY,TRUE,C001069,HON. JOE COURTNEY,REP. JOSEPH 'JOE' COURTNEY,TRUE,H001043,HON. PAUL W. HODES,REP. PAUL HODES,TRUE,M001150,HON. CANDICE S. MILLER,REP. CANDICE MILLER,TRUE,H001041,HON. DEAN HELLER,REP. DEAN HELLER,TRUE,H001044,HON. DEBORAH L. HALVORSON,REP. DEBORAH 'DEBBIE' HALVORSON,TRUE,K000009,HON. MARCY KAPTUR,REP. MARCY KAPTUR,TRUE,C001062,HON. K. MICHAEL CONAWAY,REP. K. MICHAEL 'MIKE' CONAWAY,TRUE,S000030,HON. LORETTA SANCHEZ,REP. LORETTA SANCHEZ,TRUE,S001154,HON. BILL SHUSTER,REP. BILL SHUSTER,TRUE,G000548,HON. SCOTT GARRETT,REP. E. SCOTT GARRETT,TRUE,W000314,HON. ROBERT WEXLER,REP. ROBERT WEXLER,FALSE,B001228,HON. MARY BONO MACK,,TRUE,L000274,HON. JERRY LEWIS,REP. JERRY LEWIS,TRUE,M001167,HON. HARRY E. MITCHELL,REP. HARRY MITCHELL,TRUE,P000598,HON. JARED POLIS,REP. JARED POLIS,TRUE,M001166,HON. JERRY MCNERNEY,REP. GERALD 'JERRY' MCNERNEY,TRUE,H001045,HON. GREGG HARPER,REP. GREGG HARPER,TRUE,J000289,HON. JIM JORDAN,REP. JAMES 'JIM' JORDAN,TRUE,H001046,HON. MARTIN HEINRICH,REP. MARTIN HEINRICH,TRUE,P000099,HON. ED PASTOR,REP. ED PASTOR,TRUE,J000126,HON. EDDIE BERNICE JOHNSON,REP. EDDIE JOHNSON,TRUE,S000810,HON. FORTNEY PETE STARK,REP. FORTNEY 'PETE' STARK,TRUE,K000008,HON. PAUL E KANJORSKI,REP. PAUL KANJORSKI,TRUE,V000081,HON. NYDIA M VELAZQUEZ,REP. NYDIA VELAZQUEZ,TRUE,K000336,HON. DENNIS J. KUCINICH,REP. DENNIS KUCINICH,TRUE,L000565,HON. DAVID LOEBSACK,REP. DAVE LOEBSACK,TRUE,B000589,HON. JOHN A BOEHNER,REP. JOHN BOEHNER,TRUE,M001175,HON. WALTER MINNICK,REP. WALTER 'WALT' MINNICK,TRUE,S001148,HON. MICHAEL K. SIMPSON,REP. MICHAEL 'MIKE' SIMPSON,TRUE,W000187,HON. MAXINE WATERS,REP. MAXINE WATERS,TRUE,A000022,HON. GARY L ACKERMAN,REP. GARY ACKERMAN,TRUE,P000149,HON. DONALD M PAYNE,REP. DONALD PAYNE,TRUE,P000591,HON. TOM PRICE,REP. THOMAS 'TOM' PRICE,TRUE,B001234,HON. JOE BACA,REP. JOE BACA,TRUE,M001173,HON. ERIC J. J. MASSA,REP. ERIC MASSA,FALSE,P000197,HON. NANCY PELOSI,REP. NANCY PELOSI,TRUE,J000255,HON. WALTER B JONES,REP. WALTER JONES JR.,TRUE,M001139,HON. GARY G. MILLER,REP. GARY MILLER,TRUE,S000465,HON. IKE SKELTON,REP. IKE SKELTON,TRUE,B000461,HON. BRIAN BILBRAY,REP. BRIAN BILBRAY,TRUE,D000210,HON. WILLIAM D. DELAHUNT,REP. WILLIAM 'BILL' DELAHUNT,TRUE,S001174,HON. BETTY SUTTON,REP. BETTY SUTTON,TRUE,M000485,HON. MIKE MCINTYRE,REP. MIKE MCINTYRE,TRUE,B001256,HON. MICHELE BACHMANN,REP. MICHELE BACHMANN,TRUE,B001255,"HON. CHARLES W. BOUSTANY, JR",REP. CHARLES BOUSTANY JR.,TRUE,R000011,HON. NICK J RAHALL II,REP. NICK JOE 'NICK' RAHALL II,TRUE,M001161,HON. CHARLIE MELANCON,REP. CHARLES 'CHARLIE' MELANCON SR.,TRUE,M001146,HON. JIM MARSHALL,REP. JAMES 'JIM' MARSHALL,TRUE,R000576,HON. C. A. DUTCH RUPPERSBERGER,REP. C.A. DUTCH RUPPERSBERGER,TRUE,B000716,HON. ALLEN BOYD,REP. ALLEN BOYD JR.,TRUE,W000413,HON. ED WHITFIELD,REP. EDWARD 'ED' WHITFIELD,TRUE,C001077,HON. MIKE COFFMAN,REP. MIKE COFFMAN,TRUE,C001053,HON. TOM COLE,REP. TOM COLE,TRUE,P000258,HON. COLLIN C PETERSON,REP. COLLIN PETERSON,TRUE,D000608,HON. KATHLEEN A. DAHLKEMPER,REP. KATHY DAHLKEMPER,TRUE,J000032,HON. SHEILA JACKSON-LEE,,,H001039,HON. JOHN J. HALL,REP. JOHN HALL,TRUE,R000487,HON. EDWARD R ROYCE,REP. EDWARD 'ED' ROYCE,TRUE,M000689,HON. JOHN L MICA,REP. JOHN MICA,TRUE,R000053,HON. CHARLES B RANGEL,REP. CHARLES 'CHARLIE' RANGEL,TRUE,S001176,HON. STEVE SCALISE,REP. STEPHEN 'STEVE' SCALISE,TRUE,F000030,HON. SAM FARR,REP. SAM FARR,TRUE,J000174,HON. SAM JOHNSON,REP. SAMUEL 'SAM' JOHNSON,TRUE,B000013,HON. SPENCER BACHUS,REP. SPENCER BACHUS,TRUE,W000799,HON. TIMOTHY J. WALZ,REP. TIMOTHY 'TIM' WALZ,TRUE,B001252,HON. JOHN BARROW,REP. JOHN BARROW,TRUE,D000197,HON. DIANA DEGETTE,REP. DIANA DEGETTE,TRUE,S001165,HON. ALBIO SIRES,REP. ALBIO SIRES,TRUE,L000562,HON. STEPHEN F. LYNCH,REP. STEPHEN LYNCH,TRUE,O000169,HON. WILLIAM L. OWENS,REP. BILL OWENS,TRUE,B001235,"HON. HENRY E. BROWN, JR.",REP. HENRY BROWN JR.,TRUE,R000582,HON. DAVID P. ROE,REP. DAVID 'PHIL' ROE,TRUE,D000598,HON. SUSAN A. DAVIS,REP. SUSAN DAVIS,TRUE,M001156,HON. PATRICK T. MCHENRY,REP. PATRICK MCHENRY,TRUE,C000794,HON. JERRY F COSTELLO,REP. JERRY COSTELLO,TRUE,C001048,HON. JOHN ABNEY CULBERSON,REP. JOHN CULBERSON,TRUE,L000566,HON. ROBERT E. LATTA,REP. ROBERT 'BOB' LATTA,TRUE,E000226,HON. BOB ETHERIDGE,REP. BOB ETHERIDGE,TRUE,S001045,HON. BART STUPAK,REP. BART STUPAK,TRUE,D000602,HON. ARTUR DAVIS,REP. ARTUR DAVIS,TRUE,R000583,HON. THOMAS J. ROONEY,REP. TOM ROONEY,TRUE,M000087,HON. CAROLYN B MALONEY,REP. CAROLYN MALONEY,TRUE,C001046,HON. ERIC CANTOR,REP. ERIC CANTOR,TRUE,D000492,HON. DAVID DREIER,REP. DAVID DREIER,TRUE,S001162,HON. ALLYSON Y. SCHWARTZ,REP. ALLYSON SCHWARTZ,TRUE,P000422,HON. EARL POMEROY,REP. EARL POMEROY,TRUE,E000179,HON. ELIOT L ENGEL,REP. ELIOT ENGEL,TRUE,C001059,HON. JIM COSTA,REP. JIM COSTA,TRUE,B001236,HON. JOHN BOOZMAN,REP. JOHN BOOZMAN,TRUE,M000508,HON. HOWARD ___BUCK___ MCKEON,REP. HOWARD 'BUCK' MCKEON,TRUE,S000185,HON. ROBERT C SCOTT,REP. ROBERT 'BOBBY' SCOTT,TRUE,D000607,HON. JOE DONNELLY,REP. JOE DONNELLY SR.,TRUE,P000595,HON. GARY C. PETERS,REP. GARY PETERS,TRUE,M001134,HON. SUE MYRICK,REP. SUE MYRICK,TRUE,M001143,HON. BETTY MCCOLLUM,REP. BETTY MCCOLLUM,TRUE,B000208,HON. ROSCOE G BARTLETT,REP. ROSCOE BARTLETT,TRUE,S000583,HON. LAMAR SMITH,REP. LAMAR SMITH,TRUE,R000409,HON. DANA ROHRABACHER,REP. DANA ROHRABACHER,TRUE,B001257,HON. GUS M. BILIRAKIS,REP. GUS 'GUS' BILIRAKIS,TRUE,C001065,HON. CHRISTOPHER P. CARNEY,REP. CHRISTOPHER 'CHRIS' CARNEY,TRUE,G000559,HON. JOHN GARAMENDI,REP. JOHN GARAMENDI,TRUE,C001075,HON. BILL CASSIDY,REP. WILLIAM 'BILL' CASSIDY,TRUE,K000368,HON. ANN KIRKPATRICK,REP. ANN KIRKPATRICK,TRUE,B001251,HON. G.K. BUTTERFIELD,REP. GEORGE 'G.K.' BUTTERFIELD JR.,TRUE,B000652,HON. LEONARD L. BOSWELL,REP. LEONARD BOSWELL,TRUE,T000469,HON. PAUL D. TONKO,REP. PAUL TONKO,TRUE,I000057,HON. STEVE ISRAEL,REP. STEVE ISRAEL,TRUE,R000004,HON. GEORGE P RADANOVICH,REP. GEORGE RADANOVICH,TRUE,P000034,HON. FRANK PALLONE JR,REP. FRANK PALLONE JR.,TRUE,F000450,HON. VIRGINIA FOXX,REP. VIRGINIA 'VIRGINIA' FOXX,TRUE,A000361,HON. RODNEY ALEXANDER,REP. RODNEY ALEXANDER,TRUE,F000444,HON. JEFF FLAKE,REP. JEFF FLAKE,TRUE,S000275,HON. JOHN SHADEGG,REP. JOHN SHADEGG,TRUE,S001156,HON. LINDA T. SANCHEZ,REP. LINDA SANCHEZ,TRUE,W000215,HON. HENRY A WAXMAN,REP. HENRY WAXMAN,TRUE,S000672,HON. VIC SNYDER,REP. VICTOR 'VIC' SNYDER,TRUE,C001037,HON. MICHAEL E. CAPUANO,REP. MICHAEL 'MIKE' CAPUANO,TRUE,C001038,HON. JOSEPH CROWLEY,REP. JOSEPH 'JOE' CROWLEY,TRUE,F000445,HON. J. RANDY FORBES,REP. JAMES 'RANDY' FORBES,TRUE,P000597,HON. CHELLIE PINGREE,REP. CHELLIE PINGREE,TRUE,B001262,HON. PAUL BROUN,REP. PAUL BROUN,TRUE,W000796,HON. LYNN A WESTMORELAND,REP. LYNN WESTMORELAND,TRUE,S001143,HON. MARK E SOUDER,REP. MARK SOUDER,FALSE,C001064,HON. JOHN CAMPBELL,REP. JOHN CAMPBELL III,TRUE,R000578,HON. DAVID G. REICHERT,REP. DAVID 'DAVE' REICHERT,TRUE,M001172,HON. BETSY MARKEY,REP. BETSY MARKEY,TRUE,F000010,HON. ENI F H FALEOMAVAEGA,DEL. ENI FALEOMAVAEGA JR,TRUE,C001050,HON. DENNIS A. CARDOZA,REP. DENNIS CARDOZA,TRUE,T000326,HON. EDOLPHUS TOWNS,REP. EDOLPHUS 'ED' TOWNS,TRUE,D000216,HON. ROSA L DELAURO,REP. ROSA DELAURO,TRUE,D000327,HON. NORMAN D DICKS,REP. NORMAN 'NORM' DICKS,TRUE,V000128,HON. CHRIS VAN HOLLEN,REP. CHRISTOPHER 'CHRIS' VAN HOLLEN JR.,TRUE,N000181,HON. DEVIN NUNES,REP. DEVIN NUNES,TRUE,C001078,HON. GERALD E ___GERRY___ CONNOLLY,REP. GERALD 'GERRY' CONNOLLY,TRUE,P000373,HON. JOSEPH R. PITTS,REP. JOSEPH 'JOE' PITTS,TRUE,M001120,HON. JOHN P. MURTHA,REP. JOHN 'JACK' MURTHA,FALSE,L000397,HON. ZOE LOFGREN,REP. ZOE LOFGREN,TRUE,L000480,HON. NITA M LOWEY,REP. NITA LOWEY,TRUE,H000636,HON. RUBEN HINOJOSA,REP. RUBEN HINOJOSA SR.,TRUE,F000455,HON. MARCIA L. FUDGE,REP. MARCIA FUDGE,TRUE,M000933,HON. JAMES P MORAN JR,REP. JAMES 'JIM' MORAN JR.,TRUE,T000462,HON. PATRICK J. TIBERI,REP. PATRICK 'PAT' TIBERI,TRUE,C000714,HON. JOHN CONYERS JR,REP. JOHN CONYERS JR.,TRUE,H001040,HON. PHIL HARE,REP. PHIL HARE,TRUE,D000299,HON. LINCOLN DIAZ-BALART,REP. LINCOLN DIAZ-BALART,TRUE,F000043,HON. CHAKA FATTAH,REP. CHAKA FATTAH SR.,TRUE,P000587,HON. MIKE PENCE,REP. MIKE PENCE,TRUE,M001148,HON. KENDRICK B. MEEK,REP. KENDRICK MEEK SR.,TRUE,M001174,HON. MICHAEL E. MCMAHON,REP. MICHAEL MCMAHON,TRUE,B001250,HON. ROB BISHOP,REP. ROB BISHOP,TRUE,T000260,HON. TODD TIAHRT,REP. TODD TIAHRT,TRUE,J000285,HON. TIMOTHY V. JOHNSON,REP. TIMOTHY 'TIM' JOHNSON,TRUE,B001149,HON. DAN BURTON,REP. DAN BURTON,TRUE,D000191,HON. PETER A DEFAZIO,REP. PETER DEFAZIO,TRUE,D000599,HON. LINCOLN DAVIS,REP. LINCOLN DAVIS,TRUE,K000210,HON. PETER T KING,REP. PETER 'PETE' KING,TRUE,W000793,HON. DAVID WU,REP. DAVID WU,TRUE,S000749,HON. JOHN M SPRATT JR,REP. JOHN SPRATT JR.,TRUE,M001165,HON. KEVIN MCCARTHY,REP. KEVIN MCCARTHY,TRUE,M001157,HON. MICHAEL T. MCCAUL,REP. MICHAEL MCCAUL,TRUE,H001036,HON. JEB HENSARLING,REP. JEB HENSARLING,TRUE,U000031,HON. FRED UPTON,REP. FREDERICK 'FRED' UPTON,TRUE,R000575,HON. MIKE ROGERS (AL),REP. MICHAEL 'MIKE' ROGERS,TRUE,C001060,HON. RUSS CARNAHAN,REP. JOHN 'RUSS' CARNAHAN,TRUE,A000363,HON. MICHAEL A ARCURI,REP. MICHAEL ARCURI,TRUE,G000289,HON. BOB GOODLATTE,REP. ROBERT 'BOB' GOODLATTE,TRUE,S001178,HON. MARK H. SCHAUER,REP. MARK SCHAUER,TRUE,F000339,HON. BARNEY FRANK,REP. BARNEY FRANK,TRUE,R000581,HON. LAURA RICHARDSON,REP. LAURA RICHARDSON,TRUE,M001158,HON. KENNY MARCHANT,REP. KENNY MARCHANT,TRUE,W000792,HON. ANTHONY D. WEINER,REP. ANTHONY WEINER,TRUE,R000435,HON. ILEANA ROS-LEHTINEN,REP. ILEANA ROS-LEHTINEN,TRUE,P000586,HON. ADAM H. PUTNAM,REP. ADAM PUTNAM,TRUE,V000108,HON. PETER J VISCLOSKY,REP. PETER 'PETE' VISCLOSKY,TRUE,D000600,HON. MARIO DIAZ-BALART,REP. MARIO DIAZ-BALART,TRUE,A000364,HON. JOHN H. ADLER,REP. JOHN ADLER,TRUE,G000558,HON. BRETT GUTHRIE,REP. STEVEN GUTHRIE,TRUE,M001137,HON. GREGORY W. MEEKS,REP. GREGORY MEEKS,TRUE,S001155,HON. JOHN SULLIVAN,REP. JOHN SULLIVAN,TRUE,P000594,HON. ERIK PAULSEN,REP. ERIK PAULSEN,TRUE,K000372,HON. MARY JO KILROY,REP. MARY JO KILROY,TRUE,C001045,HON. ANDER CRENSHAW,REP. ANDER CRENSHAW,TRUE,T000463,HON. MICHAEL R. TURNER,REP. MICHAEL 'MIKE' TURNER,TRUE,C001061,HON. EMANUEL CLEAVER,REP. EMANUEL CLEAVER II,TRUE,K000363,HON. JOHN KLINE,REP. JOHN KLINE,TRUE,B001231,HON. SHELLEY BERKLEY,REP. SHELLEY BERKLEY,TRUE,C001063,HON. HENRY CUELLAR,REP. HENRY CUELLAR,TRUE,M000133,HON. EDWARD J MARKEY,REP. EDWARD 'ED' MARKEY,TRUE,M001178,HON. SCOTT MURPHY,REP. SCOTT MURPHY,TRUE,B001264,HON. BOBBY BRIGHT,REP. BOBBY BRIGHT,TRUE,B001230,HON. TAMMY BALDWIN,REP. TAMMY BALDWIN,TRUE,S001145,HON. JANICE D. SCHAKOWSKY,REP. JANICE 'JAN' SCHAKOWSKY,TRUE,K000113,HON. PATRICK J KENNEDY,REP. PATRICK KENNEDY,TRUE,B000755,HON. KEVIN BRADY,REP. KEVIN BRADY,TRUE,B001232,HON. JUDY BIGGERT,REP. JUDY BIGGERT,TRUE,R000462,HON. STEVEN R. ROTHMAN,REP. STEVEN 'STEVE' ROTHMAN,TRUE,B001243,HON. MARSHA BLACKBURN,REP. MARSHA BLACKBURN,TRUE,L000563,HON. DANIEL LIPINSKI,REP. DANIEL LIPINSKI,TRUE,K000369,HON. LARRY KISSELL,REP. LAWRENCE 'LARRY' KISSELL,TRUE,N000015,HON. RICHARD E NEAL,REP. RICHARD NEAL,TRUE,P000592,HON. TED POE,REP. TED POE,TRUE,F000116,HON. BOB FILNER,REP. BOB FILNER,TRUE,C001051,HON. JOHN R. CARTER,REP. JOHN CARTER,TRUE,B001245,HON. MADELINE Z. BORDALLO,DEL. MADELINE BORDALLO,TRUE,L000553,HON. STEVE C LATOURETTE,REP. STEVEN LATOURETTE,TRUE,W000119,HON. ZACH WAMP,REP. ZACH WAMP,TRUE,H001048,HON. DUNCAN HUNTER,REP. DUNCAN HUNTER,TRUE,S001177,HON. GREGORIO SABLAN,DEL. GREGORIO SABLAN,TRUE,H001042,HON. MAZIE K. HIRONO,REP. MAZIE HIRONO,TRUE,H000213,HON. JANE HARMAN,REP. JANE HARMAN,TRUE,K000370,HON. SUZANNE M. KOSMAS,REP. SUZANNE KOSMAS,TRUE,P000593,HON. ED PERLMUTTER,REP. ED PERLMUTTER,TRUE,G000021,HON. ELTON GALLEGLY,REP. ELTON GALLEGLY,TRUE,B000490,HON. SANFORD D BISHOP JR,REP. SANFORD BISHOP JR.,TRUE,M000312,HON. JAMES P. MCGOVERN,REP. JAMES 'JIM' MCGOVERN,TRUE,S001171,HON. HEATH SHULER,REP. HEATH SHULER,TRUE,M001144,HON. JEFF MILLER,REP. JEFF MILLER,TRUE,H000324,HON. ALCEE L HASTINGS,REP. ALCEE HASTINGS SR.,TRUE,L000517,HON. DANIEL E. LUNGREN,REP. DANIEL 'DAN' LUNGREN,TRUE,G000410,HON. GENE GREEN,REP. RAYMOND 'GENE' GREEN,TRUE,T000466,HON. HARRY TEAGUE,REP. HARRY TEAGUE,TRUE,D000168,HON. NATHAN DEAL,REP. NATHAN DEAL,FALSE,B001203,HON. STEVE BUYER,REP. STEPHEN 'STEVE' BUYER,TRUE,C000754,HON. JIM COOPER,REP. JIM COOPER,TRUE,S001179,HON. AARON SCHOCK,REP. AARON SCHOCK,TRUE,F000453,HON. MARY FALLIN,REP. MARY FALLIN,TRUE,H001034,HON. MICHAEL M. HONDA,REP. MICHAEL 'MIKE' HONDA,TRUE,H001047,HON. JAMES A. HIMES,REP. JIM HIMES,TRUE,T000266,HON. JOHN F. TIERNEY,REP. JOHN TIERNEY,TRUE,M001168,HON. PATRICK J. MURPHY,REP. PATRICK MURPHY,TRUE,M001163,HON. DORIS MATSUI,REP. DORIS MATSUI,TRUE,G000544,HON. CHARLES A. GONZALEZ,REP. CHARLES 'CHARLIE' GONZALEZ,TRUE,L000568,HON. CHRISTOPHER J. LEE,REP. CHRISTOPHER LEE,TRUE,G000377,HON. KAY GRANGER,REP. KAY GRANGER,TRUE,R000572,HON. MIKE ROGERS (MI),REP. MIKE ROGERS,TRUE,T000038,HON. JOHN TANNER,REP. JOHN TANNER,TRUE,A000362,HON. JASON ALTMIRE,REP. JASON ALTMIRE,TRUE,E000288,HON. KEITH ELLISON,REP. KEITH ELLISON,TRUE,S001157,HON. DAVID SCOTT,REP. DAVID SCOTT,TRUE,C001079,HON. ANH ___JOSEPH___ CAO,REP. ANH 'JOSEPH' CAO,TRUE,B001263,HON. JOHN A. BOCCIERI,REP. JOHN BOCCIERI,TRUE,M001140,HON. DENNIS MOORE,REP. DENNIS MOORE,TRUE,P000523,HON. DAVID E PRICE,REP. DAVID PRICE,TRUE,S000250,HON. PETE SESSIONS,REP. PETER 'PETE' SESSIONS,TRUE,G000553,HON. AL GREEN,REP. AL GREEN,TRUE,O000007,HON. DAVID R OBEY,REP. DAVID ROSS 'DAVE' OBEY,TRUE,T000193,HON. BENNIE G. THOMPSON,REP. BENNIE THOMPSON,TRUE,W000207,HON. MELVIN L WATT,REP. MELVIN 'MEL' WATT,TRUE,T000074,HON. GENE TAYLOR,REP. GENE TAYLOR,TRUE,R000170,HON. SILVESTRE REYES,REP. SILVESTRE 'SILVER' REYES,TRUE,B000410,HON. HOWARD L BERMAN,REP. HOWARD BERMAN,TRUE,L000564,HON. DOUG LAMBORN,REP. DOUGLAS 'DOUG' LAMBORN,TRUE,P000599,HON. BILL POSEY,REP. BILL POSEY,TRUE,E000215,HON. ANNA G ESHOO,REP. ANNA ESHOO,TRUE,O000006,HON. JAMES L OBERSTAR,REP. JAMES 'JIM' OBERSTAR,TRUE,H000329,"HON. RICHARD ""DOC"" HASTINGS",,,B001244,HON. JO BONNER,REP. JOSIAH 'JO' BONNER JR.,TRUE,B001259,HON. BRUCE L. BRALEY,REP. BRUCE BRALEY,TRUE,M001138,HON. DONALD A MANZULLO,REP. DONALD 'DON' MANZULLO,TRUE,J000288,"HON. HENRY C.""HANK"" JOHNSON JR",REP. HENRY 'HANK' JOHNSON JR.,TRUE,P000600,HON. THOMAS S. P. PERRIELLO,REP. TOM PERRIELLO,TRUE,L000567,HON. LEONARD LANCE,REP. LEONARD LANCE,TRUE,S000248,HON. JOSE E SERRANO,REP. JOSE SERRANO,TRUE,S000522,HON. CHRISTOPHER H SMITH,REP. CHRISTOPHER 'CHRIS' SMITH,TRUE,K000371,HON. FRANK KRATOVIL JR.,REP. FRANK KRATOVIL JR.,TRUE,P000585,HON. TODD RUSSELL PLATTS,REP. TODD PLATTS,TRUE,Y000031,HON. C W BILL YOUNG,,,M000844,HON. ALAN B MOLLOHAN,REP. ALAN MOLLOHAN,TRUE,H000676,HON. PETER HOEKSTRA,REP. PETER 'PETE' HOEKSTRA,TRUE,I000026,HON. JAY INSLEE,REP. JAY INSLEE,TRUE,C001066,HON. KATHY CASTOR,REP. KATHY CASTOR,TRUE,S001170,HON. CAROL SHEA-PORTER,REP. CAROL SHEA-PORTER,TRUE,S001169,HON. JOE SESTAK,REP. JOSEPH 'JOE' SESTAK JR.,TRUE,M000309,HON. CAROLYN MCCARTHY,REP. CAROLYN MCCARTHY,TRUE,B000420,HON. MARION BERRY,REP. ROBERT 'MARION' BERRY,TRUE,H001032,HON. RUSH D. HOLT,REP. RUSH HOLT JR.,TRUE,W000791,HON. GREG WALDEN,REP. GREG WALDEN,TRUE,D000482,HON. MICHAEL F DOYLE,REP. MICHAEL 'MIKE' DOYLE JR.,TRUE,R000571,HON. DENNIS R. REHBERG,REP. DENNIS 'DENNY' REHBERG,TRUE,L000554,HON. FRANK A LOBIONDO,REP. FRANK LOBIONDO,TRUE,P000596,HON. PEDRO R. PIERLUISI,COM. PEDRO PIERLUISI,TRUE,R000395,HON. HAROLD ROGERS,REP. HAROLD 'HAL' ROGERS,TRUE,H001029,HON. ROBIN HAYES,REP. ROBERT 'ROBIN' HAYES,FALSE,E000287,HON. RAHM EMANUEL,REP. RAHM EMANUEL,FALSE,P000589,HON. JON C. PORTER,REP. JON PORTER SR.,FALSE,M000472,HON. JOHN M MCHUGH,REP. JOHN MCHUGH,FALSE,H000762,HON. DARLENE HOOLEY,REP. DARLENE HOOLEY,FALSE,E000268,HON. TERRY EVERETT,REP. TERRY EVERETT,FALSE,M001152,HON. MARILYN N. MUSGRAVE,REP. MARILYN MUSGRAVE,FALSE,W000798,HON. TIMOTHY WALBERG,REP. TIMOTHY 'TIM' WALBERG,FALSE,R000141,HON. RALPH REGULA,REP. RALPH REGULA,FALSE,B001258,HON. NANCY E. BOYDA,REP. NANCY BOYDA,FALSE,S001153,HON. HILDA L. SOLIS,REP. HILDA SOLIS,FALSE,H000666,HON. DAVID L HOBSON,REP. DAVID LEE 'DAVE' HOBSON,FALSE,G000555,HON. KIRSTEN E. GILLIBRAND,SEN. KIRSTEN GILLIBRAND,TRUE,D000429,HON. JOHN T DOOLITTLE,REP. JOHN DOOLITTLE,FALSE,M001164,HON. TIM MAHONEY,REP. TIM MAHONEY,FALSE,T000057,HON. ELLEN O. TAUSCHER,REP. ELLEN TAUSCHER,FALSE,G000560,HON. TOM GRAVES,REP. JOHN 'TOM' GRAVES JR.,TRUE,C001081,HON. MARK S. CRITZ,REP. MARK CRITZ,TRUE,D000610,HON. THEODORE E. DEUTCH,REP. TED DEUTCH,TRUE,D000611,HON. CHARLES K. DJOU,REP. CHARLES DJOU,TRUE,M000590,HON. MICHAEL R MCNULTY,REP. MICHAEL 'MIKE' MCNULTY,FALSE,R000574,HON. RICK RENZI,REP. RICHARD 'RICK' RENZI,FALSE,K000361,HON. RIC KELLER,REP. RIC KELLER,FALSE,L000043,HON. NICK LAMPSON,REP. NICHOLAS 'NICK' LAMPSON,FALSE,P000263,HON. JOHN E. PETERSON,REP. JOHN PETERSON,FALSE,S001167,HON. BILL SALI,REP. WILLIAM 'BILL' SALI,FALSE,J000288,"HON. HENRY C.""HANK"" JOHNSON JR",REP. HENRY 'HANK' JOHNSON JR.,TRUE,C001079,"HON. ANH ""JOSEPH"" CAO",REP. ANH 'JOSEPH' CAO,FALSE,C001078,"HON. GERALD E ""GERRY"" CONNOLLY",REP. GERALD 'GERRY' CONNOLLY,TRUE,M000508,"HON. HOWARD ""BUCK"" MCKEON",REP. HOWARD 'BUCK' MCKEON,TRUE,B001260,HON. VERN G. BUCHANAN,REP. VERN BUCHANAN,TRUE,H000067,HON. RALPH M. HALL,REP. RALPH HALL,TRUE,A000022,HON. GARY L. ACKERMAN,REP. GARY ACKERMAN,TRUE,P000258,HON. COLLIN C. PETERSON,REP. COLLIN PETERSON,TRUE,M000133,HON. EDWARD J. MARKEY,REP. EDWARD 'ED' MARKEY,TRUE,H000874,HON. STENY H. HOYER,REP. STENY HOYER,TRUE,A000210,HON. ROBERT E. ANDREWS,REP. ROBERT 'ROB' ANDREWS,TRUE,B001255,"HON. CHARLES W. BOUSTANY, JR.",REP. CHARLES BOUSTANY JR.,TRUE,K000371,"HON. FRANK KRATOVIL, JR.",REP. FRANK KRATOVIL JR.,FALSE,R000004,HON. GEORGE P. RADANOVICH,REP. GEORGE RADANOVICH,FALSE,E000092,HON. VERNON J. EHLERS,REP. VERNON 'VERN' EHLERS,FALSE,S000185,HON. ROBERT C. SCOTT,REP. ROBERT 'BOBBY' SCOTT,TRUE,K000210,HON. PETER T. KING,REP. PETER 'PETE' KING,TRUE,M000689,HON. JOHN L. MICA,REP. JOHN MICA,TRUE,O000007,HON. DAVID R. OBEY,REP. DAVID ROSS 'DAVE' OBEY,FALSE,P000034,"HON. FRANK PALLONE, JR.",REP. FRANK PALLONE JR.,TRUE,K000008,HON. PAUL E. KANJORSKI,REP. PAUL KANJORSKI,FALSE,M000933,HON. JAMES P. MORAN,REP. JAMES 'JIM' MORAN JR.,TRUE,E000179,HON. ELIOT L. ENGEL,REP. ELIOT ENGEL,TRUE,C001078,"HON. GERALD E. ""GERRY"" CONNOLLY",REP. GERALD 'GERRY' CONNOLLY,TRUE,F000455,HON. MARCIA FUDGE,REP. MARCIA FUDGE,TRUE,N000015,HON. RICHARD E. NEAL,REP. RICHARD NEAL,TRUE,G000535,HON. LUIS V. GUTIERREZ,REP. LUIS GUTIERREZ,TRUE,E000290,HON. DONNA EDWARDS,REP. DONNA EDWARDS,TRUE,B000208,HON. ROSCOE G. BARTLETT,REP. ROSCOE BARTLETT,TRUE,R000053,HON. CHARLES B. RANGEL,REP. CHARLES 'CHARLIE' RANGEL,TRUE,R000575,HON. MIKE ROGERS,REP. MIKE ROGERS,TRUE,R000572,HON. MIKE J. ROGERS,REP. MIKE ROGERS,TRUE,M000087,HON. CAROLYN B. MALONEY,REP. CAROLYN MALONEY,TRUE,C001074,HON. TRAVIS W CHILDERS,REP. TRAVIS CHILDERS,FALSE,D000216,HON. ROSA L. DELAURO,REP. ROSA DELAURO,TRUE,F000010,HON. ENI F. H. FALEOMAVAEGA,DEL. ENI FALEOMAVAEGA JR,TRUE,F000372,HON. RODNEY P. FRELINGHUYSEN,REP. RODNEY FRELINGHUYSEN,TRUE,L000566,HON. ROBERT E LATTA,REP. ROBERT 'BOB' LATTA,TRUE,H000324,HON. ALCEE L. HASTINGS,REP. ALCEE HASTINGS SR.,TRUE,C000537,HON. JAMES E. CLYBURN,REP. JAMES 'JIM' CLYBURN,TRUE,B000410,HON. HOWARD BERMAN,REP. HOWARD BERMAN,TRUE,P000265,HON. THOMAS E. PETRI,REP. THOMAS 'TOM' PETRI,TRUE,D000191,HON. PETER A. DEFAZIO,REP. PETER DEFAZIO,TRUE,W000215,HON. HENRY A. WAXMAN,REP. HENRY WAXMAN,TRUE,O000006,HON. JAMES L. OBERSTAR,REP. JAMES 'JIM' OBERSTAR,FALSE,O000107,HON. SOLOMON P. ORTIZ,REP. SOLOMON ORTIZ SR.,FALSE,P000149,HON. DONALD M. PAYNE,REP. DONALD PAYNE,TRUE,P000523,HON. DAVID E. PRICE,REP. DAVID PRICE,TRUE,M000508,"HON. HOWARD P. ""BUCK"" MCKEON",REP. HOWARD 'BUCK' MCKEON,TRUE,C000714,"HON. JOHN CONYERS, JR.",REP. JOHN CONYERS JR.,TRUE,B000490,HON. SANFORD BISHOP,REP. SANFORD BISHOP JR.,TRUE,S000749,"HON. JOHN M. SPRATT, JR.",REP. JOHN SPRATT JR.,FALSE,W000672,HON. FRANK R. WOLF,REP. FRANK WOLF,TRUE,M000844,HON. ALAN B. MOLLOHAN,REP. ALAN MOLLOHAN,FALSE,S000522,HON. CHRISTOPHER H. SMITH,REP. CHRISTOPHER 'CHRIS' SMITH,TRUE,B000461,HON. BRIAN P BILBRAY,REP. BRIAN BILBRAY,TRUE,W000207,HON. MELVIN L. WATT,REP. MELVIN 'MEL' WATT,TRUE,L000263,HON. SANDER M. LEVIN,REP. SANDER 'SANDY' LEVIN,TRUE,C000794,HON. JERRY F. COSTELLO,REP. JERRY COSTELLO,TRUE,K000172,HON. DALE E. KILDEE,REP. DALE KILDEE,TRUE,A000363,HON. MICHAEL A. ARCURI,REP. MICHAEL ARCURI,FALSE,H000627,HON. MAURICE D. HINCHEY,REP. MAURICE HINCHEY,TRUE,S000248,HON. JOSE E. SERRANO,REP. JOSE SERRANO,TRUE,L000553,HON. STEVEN C. LATOURETTE,REP. STEVEN LATOURETTE,TRUE,E000215,HON. ANNA G. ESHOO,REP. ANNA ESHOO,TRUE,K000113,HON. PATRICK J. KENNEDY,REP. PATRICK KENNEDY,FALSE,T000038,HON. JOHN S. TANNER,REP. JOHN TANNER,FALSE,D000327,HON. NORMAN D. DICKS,REP. NORMAN 'NORM' DICKS,TRUE,J000288,"HON. HENRY C. ""HANK"" JOHNSON, JR.",REP. HENRY 'HANK' JOHNSON JR.,TRUE,S000244,"HON. F. JAMES SENSENBRENNER, JR.",REP. JAMES 'JIM' SENSENBRENNER JR.,TRUE,R000578,HON. DAVID G REICHERT,REP. DAVID 'DAVE' REICHERT,TRUE,V000081,HON. NYDIA M. VELAZQUEZ,REP. NYDIA VELAZQUEZ,TRUE,D000482,HON. MICHAEL F. DOYLE,REP. MICHAEL 'MIKE' DOYLE JR.,TRUE,C000243,HON. MICHAEL N. CASTLE,REP. MICHAEL CASTLE,FALSE,L000491,HON. FRANK D. LUCAS,REP. FRANK LUCAS,TRUE,L000480,HON. NITA M. LOWEY,REP. NITA LOWEY,TRUE,R000487,HON. EDWARD R. ROYCE,REP. EDWARD 'ED' ROYCE,TRUE,M001167,HON. HARRY E MITCHELL,REP. HARRY MITCHELL,FALSE,O000085,HON. JOHN W. OLVER,REP. JOHN OLVER,TRUE,L000517,HON. DANIEL E LUNGREN,REP. DANIEL 'DAN' LUNGREN,TRUE,M001138,HON. DONALD A. MANZULLO,REP. DONALD 'DON' MANZULLO,TRUE,B000589,HON. JOHN A. BOEHNER,REP. JOHN BOEHNER,TRUE,S001188,HON. MARLIN A. STUTZMAN,REP. MARLIN STUTZMAN,TRUE,R000011,HON. NICK J. RAHALL II,REP. NICK JOE 'NICK' RAHALL II,TRUE,J000255,HON. WALTER B. JONES,REP. WALTER JONES JR.,TRUE,V000108,HON. PETER J. VISCLOSKY,REP. PETER 'PETE' VISCLOSKY,TRUE,L000554,HON. FRANK A. LOBIONDO,REP. FRANK LOBIONDO,TRUE,R000515,HON. BOBBY L. RUSH,REP. BOBBY RUSH,TRUE,C001062,HON. K.MICHAEL CONAWAY,REP. K. MICHAEL 'MIKE' CONAWAY,TRUE,D000355,HON. JOHN D. DINGELL,REP. JOHN DINGELL,TRUE,R000585,HON. TOM REED,REP. THOMAS 'TOM' REED II,TRUE,J000283,"HON. JESSE L. JACKSON, JR.",REP. JESSE JACKSON JR.,TRUE,S000275,HON. JOHN B. SHADEGG,REP. JOHN SHADEGG,FALSE,F000443,HON. MIKE FERGUSON,REP. MICHAEL 'MIKE' FERGUSON,FALSE,C000266,HON. STEVE CHABOT,REP. STEVEN 'STEVE' CHABOT,TRUE,Y000031,HON. C.W. BILL YOUNG,,,W000798,HON. TIM WALBERG,REP. TIMOTHY 'TIM' WALBERG,TRUE,H001057,HON. TIM HUELSKAMP,REP. TIM HUELSKAMP,TRUE,J000032,HON. SHEILA JACKSON LEE,REP. SHEILA JACKSON LEE,TRUE,J000292,HON. BILL JOHNSON,REP. BILL JOHNSON,TRUE,H001059,HON. RANDY HULTGREN,REP. RANDY HULTGREN,TRUE,R000594,HON. JON RUNYAN,REP. JON RUNYAN,TRUE,B001272,HON. RICK BERG,REP. RICK BERG,TRUE,R000586,HON. JAMES B. RENACCI,REP. JIM RENACCI,TRUE,D000612,HON. JEFF DENHAM,REP. JEFF DENHAM,TRUE,G000563,HON. BOB GIBBS,REP. BOB GIBBS,TRUE,C000984,HON. ELIJAH E. CUMMINGS,REP. ELIJAH CUMMINGS,TRUE,H001054,HON. NAN A. S. HAYWORTH,REP. NAN HAYWORTH,TRUE,M001134,HON. SUE WILKINS MYRICK,REP. SUE MYRICK,TRUE,P000588,HON. STEVAN PEARCE,REP. STEVAN 'STEVE' PEARCE,TRUE,T000469,HON. PAUL TONKO,REP. PAUL TONKO,TRUE,K000375,HON. WILLIAM R. KEATING,REP. BILL KEATING,TRUE,T000470,HON. SCOTT R. TIPTON,REP. SCOTT TIPTON,TRUE,B000490,"HON. SANFORD D. BISHOP, JR.",REP. SANFORD BISHOP JR.,TRUE,D000613,HON. ROBERT J. DOLD,REP. ROBERT DOLD JR.,TRUE,L000573,HON. RAUL R. LABRADOR,REP. RAUL LABRADOR,TRUE,N000184,HON. KRISTI L. NOEM,REP. KRISTI NOEM,TRUE,P000602,HON. MIKE POMPEO,REP. MICHAEL 'MIKE' POMPEO,TRUE,R000593,HON. DENNIS A. ROSS,REP. DENNIS ROSS,TRUE,E000291,HON. RENEE L. ELLMERS,REP. RENEE ELLMERS,TRUE,R000588,HON. CEDRIC L. RICHMOND,REP. CEDRIC RICHMOND,TRUE,F000459,"HON. CHARLES J. ""CHUCK"" FLEISCHMANN",REP. CHUCK FLEISCHMANN,TRUE,B000220,HON. CHARLES F. BASS,REP. CHARLES 'CHARLIE' BASS,TRUE,A000367,HON. JUSTIN A. AMASH,REP. JUSTIN AMASH,TRUE,R000589,HON. E. SCOTT RIGELL,REP. SCOTT RIGELL,TRUE,H001055,HON. JOSEPH J. HECK,REP. JOE HECK,TRUE,N000186,HON. ALAN NUNNELEE,REP. PATRICK 'ALAN' NUNNELEE,TRUE,S001183,HON. DAVID SCHWEIKERT,REP. DAVID SCHWEIKERT,TRUE,K000378,HON. ADAM KINZINGER,REP. ADAM KINZINGER,TRUE,M001182,HON. MICK MULVANEY,REP. JOHN  'MICK' MULVANEY,TRUE,F000461,HON. BILL FLORES,REP. BILL FLORES,TRUE,S001184,HON. TIM SCOTT,REP. TIM SCOTT,TRUE,H001060,HON. ROBERT HURT,REP. ROBERT HURT,TRUE,H001051,HON. RICHARD L. HANNA,REP. RICHARD HANNA,TRUE,M001163,HON. DORIS O. MATSUI,REP. DORIS MATSUI,TRUE,B000461,HON. BRIAN P. BILBRAY,REP. BRIAN BILBRAY,TRUE,G000564,HON. CHRISTOPHER P. GIBSON,REP. CHRISTOPHER GIBSON,TRUE,D000615,HON. JEFF DUNCAN,REP. JEFF DUNCAN,TRUE,H001053,HON. VICKY HARTZLER,REP. VICKY HARTZLER,TRUE,W000809,HON. STEVE WOMACK,REP. STEVE WOMACK,TRUE,N000185,HON. RICHARD B. NUGENT,REP. RICHARD NUGENT,TRUE,G000570,HON. FRANK C. GUINTA,REP. FRANK GUINTA,TRUE,W000807,HON. ALLEN B. WEST,REP. ALLEN WEST,TRUE,B001245,HON. MADELEINE Z. BORDALLO,DEL. MADELINE BORDALLO,TRUE,B001262,HON. PAUL C. BROUN,REP. PAUL BROUN,TRUE,L000575,HON. JAMES LANKFORD,REP. JAMES LANKFORD,TRUE,C001086,HON. CHIP CRAVAACK,REP. CHIP CRAVAACK,TRUE,S001186,HON. STEVE SOUTHERLAND II,REP. WILLIAM 'STEVE' SOUTHERLAND II,TRUE,A000366,HON. SANDY ADAMS,REP. SANDRA ADAMS,TRUE,B001269,HON. LOU BARLETTA,REP. LOU BARLETTA,TRUE,H001052,HON. ANDY HARRIS,REP. ANDY HARRIS,TRUE,K000376,HON. MIKE KELLY,REP. GEORGE 'MIKE' KELLY JR.,TRUE,B001271,HON. DAN BENISHEK,REP. DAN BENISHEK,TRUE,L000574,HON. JEFFREY M. LANDRY,REP. JEFF LANDRY,TRUE,Y000064,HON. TODD C. YOUNG,REP. TODD YOUNG,TRUE,S001187,HON. STEVE STIVERS,REP. STEVEN STIVERS,TRUE,S001182,HON. ROBERT T. SCHILLING,REP. ROBERT 'BOBBY' SCHILLING,TRUE,C001084,HON. DAVID N. CICILLINE,REP. DAVID CICILLINE,TRUE,L000576,HON. BILLY LONG,REP. BILLY LONG,TRUE,B001273,HON. DIANE BLACK,REP. DIANE BLACK,TRUE,G000569,HON. MICHAEL G. GRIMM,REP. MIKE GRIMM,TRUE,Y000063,HON. KEVIN YODER,REP. KEVIN YODER,TRUE,C001087,"HON. ERIC A. ""RICK"" CRAWFORD",REP. RICK CRAWFORD,TRUE,C001085,HON. HANSEN CLARKE,REP. HANSEN CLARKE,TRUE,G000567,HON. TIM GRIFFIN,REP. TIM GRIFFIN,TRUE,P000601,HON. STEVEN M. PALAZZO,REP. STEVEN PALAZZO,TRUE,W000808,HON. FREDERICA S. WILSON,REP. FREDERICA WILSON,TRUE,C001082,"HON. FRANCISCO ""QUICO"" CANSECO",REP. FRANCISCO 'QUICO' CANSECO,TRUE,M001181,HON. PATRICK MEEHAN,REP. PATRICK MEEHAN,TRUE,G000566,HON. TREY GOWDY,REP. TREY GOWDY,TRUE,F000451,HON. MICHAEL G. FITZPATRICK,REP. MICHAEL 'MIKE' FITZPATRICK,TRUE,M001180,HON. DAVID B. MCKINLEY,REP. DAVID MCKINLEY,TRUE,S001185,HON. TERRI A. SEWELL,REP. TERRI SEWELL,TRUE,D000614,HON. SEAN P. DUFFY,REP. SEAN DUFFY,TRUE,S000185,"HON. ROBERT C. ""BOBBY"" SCOTT",REP. ROBERT 'BOBBY' SCOTT,TRUE,G000562,HON. CORY GARDNER,REP. CORY GARDNER,TRUE,Q000024,HON. BENJAMIN QUAYLE,REP. BEN QUAYLE,TRUE,H001058,HON. BILL HUIZENGA,REP. BILL HUIZENGA,TRUE,H001050,HON. COLLEEN W. HANABUSA,REP. COLLEEN HANABUSA,TRUE,D000616,HON. SCOTT DESJARLAIS,REP. SCOTT DESJARLAIS,TRUE,R000587,HON. REID J. RIBBLE,REP. REID RIBBLE,TRUE,B001275,HON. LARRY BUCSHON,REP. LARRY BUCSHON,TRUE,F000460,HON. BLAKE FARENTHOLD,REP. BLAKE FARENTHOLD,TRUE,R000592,HON. TODD ROKITA,REP. TODD ROKITA,TRUE,R000577,HON. TIM RYAN,REP. TIMOTHY 'TIM' RYAN,TRUE,B000410,HON. HOWARD L. BERMAN,REP. HOWARD BERMAN,TRUE,B001274,HON. MO BROOKS,REP. MO BROOKS,TRUE,W000811,HON. JOE WALSH,REP. JOE WALSH,TRUE,M001179,HON. TOM MARINO,REP. THOMAS MARINO,TRUE,F000458,HON. STEPHEN LEE FINCHER,REP. STEPHEN FINCHER,TRUE,B001270,HON. KAREN BASS,REP. KAREN BASS,TRUE,W000806,HON. DANIEL WEBSTER,REP. DANIEL WEBSTER,TRUE,R000590,HON. DAVID RIVERA,REP. DAVID RIVERA,TRUE,L000568,HON. CHRISTOPHER JOHN LEE,REP. CHRISTOPHER LEE,TRUE,W000810,HON. ROB WOODALL,REP. ROB WOODALL,TRUE,G000565,HON. PAUL A. GOSAR,REP. PAUL GOSAR,TRUE,B001276,HON. ANN MARIE BUERKLE,REP. ANN BUERKLE,TRUE,R000591,HON. MARTHA ROBY,REP. MARTHA ROBY,TRUE,S001189,HON. AUSTIN SCOTT,,,G000568,HON. H. MORGAN GRIFFITH,,,H001056,HON. JAIME HERRERA BEUTLER,,,C001083,"HON. JOHN C. CARNEY, JR.",,,S000749,HON. JOHN M. SPRATT JR.,REP. JOHN SPRATT JR.,,M001175,HON. WALT MINNICK,REP. WALTER 'WALT' MINNICK,,R000568,HON. CIRO D. RODRIGUEZ,REP. CIRO RODRIGUEZ,,K000371,HON. FRANK KRAVOTIL JR.,,,H001062,HON. KATHLEEN C. HOCHUL,REP. KATHY HOCHUL,TRUE,M000472,HON. JOHN M. MCHUGH,REP. JOHN MCHUGH,FALSE,T000471,HON. ROBERT L. TURNER,REP. ROBERT 'BOB' TURNER,TRUE,A000369,HON. MARK E. AMODEI,REP. MARK AMODEI,TRUE,H001063,HON. JANICE HAHN,REP. JANICE HAHN,TRUE,K000288,HON. JOE KNOLLENBERG,REP. JOSEPH 'JOE' KNOLLENBERG,FALSE,J000070,HON. WILLIAM J JEFFERSON,REP. WILLIAM JEFFERSON,FALSE,A000357,HON. THOMAS H. ALLEN,REP. THOMAS 'TOM' ALLEN,FALSE,U000039,HON. TOM UDALL,SEN. TOM UDALL,TRUE,T000458,HON. THOMAS G. TANCREDO,REP. TOM TANCREDO,FALSE,P000555,HON. DEBORAH PRYCE,REP. DEBORAH PRYCE,FALSE,W000267,HON. DAVE WELDON,REP. DAVID WELDON,FALSE,J000287,HON. BOBBY JINDAL,REP. PIYUSH 'BOBBY' JINDAL,FALSE,H000948,HON. KENNY C. HULSHOF,REP. KENNY HULSHOF,FALSE,M001120,HON. JOHN P MURTHA,REP. JOHN 'JACK' MURTHA,FALSE,S001144,HON. CHRISTOPHER SHAYS,REP. CHRISTOPHER SHAYS,FALSE,R000569,HON. THOMAS M. REYNOLDS,REP. THOMAS REYNOLDS,FALSE,P000323,"HON. CHARLES ""CHIP"" PICKERING",REP. CHARLES 'CHIP' PICKERING JR.,FALSE,D000136,HON. TOM DAVIS,REP. THOMAS 'TOM' DAVIS III,FALSE,F000440,HON. VITO FOSSELLA,REP. VITO FOSSELLA JR.,FALSE,G000280,"HON. VIRGIL H. GOODE, JR.",REP. VIRGIL GOODE JR.,FALSE,D000605,HON. THELMA D. DRAKE,REP. THELMA DRAKE,FALSE,C001073,"HON. DONALD J. CAZAYOUX, JR.",REP. DONALD 'DON' CAZAYOUX JR.,FALSE,C000962,HON. BARBARA CUBIN,REP. BARBARA CUBIN,FALSE,R000033,HON. JIM RAMSTAD,REP. JAMES 'JIM' RAMSTAD,FALSE,M000714,HON.JUANITA MILLENDER-MCDONALD,REP. JUANITA MILLENDER-MCDONALD,FALSE,L000293,HON. RON LEWIS,REP. RON LEWIS,FALSE,J000284,HON. STEPHANIE TUBBS JONES,REP. STEPHANIE JONES,FALSE,K000364,"HON. JOHN R. ""RANDY"" KUHL, JR.",REP. JOHN 'RANDY' KUHL JR.,FALSE,W000789,HON. HEATHER WILSON,REP. HEATHER WILSON,FALSE,U000038,HON. MARK UDALL,SEN. MARK UDALL,TRUE,W000099,HON. JAMES T WALSH,REP. JAMES 'JIM' WALSH,FALSE,C000266,HON. STEVEN J CHABOT,REP. STEVEN 'STEVE' CHABOT,TRUE,F000447,HON. TOM FEENEY,REP. TOM FEENEY,FALSE,F000452,HON. LUIS G. FORTUNO,COM. LUIS FORTUNO,FALSE,G000180,HON. WAYNE T. GILCHREST,REP. WAYNE GILCHREST,FALSE,L000552,HON. RAY LAHOOD,REP. RAY LAHOOD,FALSE,C000116,HON. CHRIS CANNON,REP. CHRIS CANNON,FALSE,C000868,HON. BUD CRAMER,REP. ROBERT 'BUD' CRAMER,FALSE,L000090,HON. TOM LANTOS,REP. THOMAS 'TOM' LANTOS,FALSE,D000606,HON. DAVID DAVIS,REP. DAVID DAVIS,FALSE,N000159,HON. CHARLIE W NORWOOD JR,,,B001278,HON. SUZANNE BONAMICI,REP. SUZANNE BONAMICI,TRUE,B001279,HON. RON BARBER,REP. RON BARBER,TRUE,P000604,HON. DONALD PAYNE JR,REP. DONALD PAYNE JR.,TRUE,H001032,HON. RUSH HOLT,REP. RUSH HOLT JR.,TRUE,D000617,HON. SUZAN K DELBENE,REP. SUZAN DELBENE,TRUE,M001184,HON. THOMAS MASSIE,REP. THOMAS MASSIE,TRUE,C001089,HON. DAVID ALAN CURSON,,,L000579,HON. ALAN S. LOWENTHAL,REP. ALAN LOWENTHAL,TRUE,B001287,HON. AMI BERA,REP. AMI BERA,TRUE,K000382,HON. ANN M. KUSTER,REP. ANN KUSTER,TRUE,W000812,HON. ANN WAGNER,REP. ANN WAGNER,TRUE,W000815,HON. BRAD R. WENSTRUP,REP. BRAD WENSTRUP,TRUE,S001190,HON. BRADLEY S. SCHNEIDER,REP. BRADLEY SCHNEIDER,TRUE,B001286,HON. CHERI BUSTOS,REP. CHERI BUSTOS,TRUE,C001092,HON. CHRIS COLLINS,REP. CHRIS COLLINS,TRUE,S001192,HON. CHRIS STEWART,REP. CHRIS STEWART,TRUE,K000380,HON. DANIEL T. KILDEE,REP. DANIEL KILDEE,TRUE,V000129,HON. DAVID G. VALADAO,REP. DAVID VALADAO,TRUE,J000295,HON. DAVID P. JOYCE,REP. DAVID JOYCE,TRUE,H001064,HON. DENNY HECK,REP. DENNY HECK,TRUE,K000381,HON. DEREK KILMER,REP. DEREK KILMER,TRUE,C001093,HON. DOUG COLLINS,REP. DOUG COLLINS,TRUE,L000578,HON. DOUG LAMALFA,REP. DOUG LAMALFA,TRUE,E000293,HON. ELIZABETH H. ESTY,REP. ELIZABETH ESTY,TRUE,S001193,HON. ERIC SWALWELL,REP. ERIC SWALWELL,TRUE,V000132,HON. FILEMON VELA,REP. FILEMON VELA,TRUE,B001282,"HON. GARLAND ""ANDY"" BARR",REP. GARLAND 'ANDY' BARR,TRUE,H001065,HON. GEORGE HOLDING,REP. GEORGE HOLDING,TRUE,N000187,HON. GLORIA NEGRETE MCLEOD,REP. GLORIA NEGRETE MCLEOD,TRUE,M001188,HON. GRACE MENG,REP. GRACE MENG,TRUE,J000294,HON. HAKEEM S. JEFFRIES,REP. HAKEEM JEFFRIES,TRUE,W000813,HON. JACKIE WALORSKI,REP. JACKIE WALORSKI,TRUE,H001068,HON. JARED HUFFMAN,REP. JARED HUFFMAN,TRUE,B001283,HON. JIM BRIDENSTINE,REP. JIM BRIDENSTINE,TRUE,C001091,HON. JOAQUIN CASTRO,REP. JOAQUIN CASTRO,TRUE,G000573,HON. JOE GARCIA,REP. JOE GARCIA,TRUE,C000714,HON. JOHN CONYERS JR.,REP. JOHN CONYERS JR.,TRUE,D000620,HON. JOHN K. DELANEY,REP. JOHN DELANEY,TRUE,K000379,"HON. JOSEPH P. KENNEDY, III",REP. JOSEPH KENNEDY III,TRUE,B001281,HON. JOYCE BEATTY,REP. JOYCE BEATTY,TRUE,V000130,HON. JUAN VARGAS,REP. JUAN VARGAS,TRUE,B001285,HON. JULIA BROWNLEY,REP. JULIA BROWNLEY,TRUE,R000598,HON. KEITH J. ROTHFUS,REP. KEITH ROTHFUS,TRUE,B001280,HON. KERRY L. BENTIVOLIO,REP. KERRY BENTIVOLIO,TRUE,C001096,HON. KEVIN CRAMER,REP. KEVIN CRAMER,TRUE,S001191,HON. KYRSTEN SINEMA,REP. KYRSTEN SINEMA,TRUE,F000462,HON. LOIS FRANKEL,REP. LOIS FRANKEL,TRUE,S000480,HON. LOUISE SLAUGHTER,REP. LOUISE SLAUGHTER,TRUE,M001189,HON. LUKE MESSER,REP. LUKE MESSER,TRUE,V000131,HON. MARC A. VEASEY,REP. MARC VEASEY,TRUE,M001187,HON. MARK MEADOWS,REP. MARK MEADOWS,TRUE,P000607,HON. MARK POCAN,REP. MARK POCAN,TRUE,T000472,HON. MARK TAKANO,REP. MARK TAKANO,TRUE,M001190,HON. MARKWAYNE MULLIN,REP. MARKWAYNE MULLIN,TRUE,S000018,HON. MATT SALMON,REP. MATT SALMON,TRUE,C001090,HON. MATTHEW A. CARTWRIGHT,REP. MATTHEW CARTWRIGHT,TRUE,L000580,HON. MICHELLE LUJAN GRISHAM,REP. MICHELLE LUJAN GRISHAM,TRUE,L000480,HON. NITA N. LOWEY,REP. NITA LOWEY,TRUE,M001191,HON. PATRICK MURPHY,REP. PATRICK MURPHY,TRUE,C001094,HON. PAUL COOK,REP. PAUL COOK,TRUE,G000572,HON. PETE P. GALLEGO,REP. PETE GALLEGO,TRUE,R000599,HON. RAUL RUIZ,REP. RAUL RUIZ,TRUE,H001067,HON. RICHARD HUDSON,REP. RICHARD HUDSON,TRUE,N000127,HON. RICHARD M. NOLAN,REP. RICHARD NOLAN,TRUE,N000015,HON. RICHARD R. NEAL,REP. RICHARD NEAL,TRUE,P000606,HON. ROBERT PITTENGER,REP. ROBERT PITTENGER,TRUE,D000619,HON. RODNEY DAVIS,REP. RODNEY DAVIS,TRUE,W000816,HON. ROGER WILLIAMS,REP. ROGER WILLIAMS,TRUE,D000621,HON. RON DESANTIS,REP. RON DESANTIS,TRUE,P000608,HON. SCOTT H. PETERS,REP. SCOTT PETERS,TRUE,P000605,HON. SCOTT PERRY,REP. SCOTT PERRY,TRUE,M001185,HON. SEAN PATRICK MALONEY,REP. SEAN MALONEY,TRUE,D000618,HON. STEVE DAINES,REP. STEVE DAINES,TRUE,S000937,HON. STEVE STOCKMAN,REP. STEVE STOCKMAN,TRUE,H001066,HON. STEVEN A. HORSFORD,REP. STEVEN HORSFORD,TRUE,B001284,HON. SUSAN W. BROOKS,REP. SUSAN BROOKS,TRUE,D000622,HON. TAMMY DUCKWORTH,REP. TAMMY DUCKWORTH,TRUE,Y000065,HON. TED S. YOHO,REP. TED YOHO,TRUE,D000610,HON. THEODORE DEUTCH,REP. THEODORE DEUTCH,TRUE,C001095,HON. TOM COTTON,REP. TOM COTTON,TRUE,R000597,HON. TOM RICE,REP. TOM RICE,TRUE,R000596,HON. TREY RADEL,REP. TREY RADEL,TRUE,G000571,HON. TULSI GABBARD,REP. TULSI GABBARD,TRUE,E000292,HON. WILLIAM L. ENYART,REP. WILLIAM ENYART,TRUE,O000170,"HON. BETO O""ROURKE",,,W000797,HON. DEBBIE WASSERMAN-SCHULTZ,,,W000814,"HON. RANDY K. WEBER, SR.",,,C001097,HON. TONY CARDENAS,,,B000287,HON. XAVIER BECARRA,,,B001282,HON. ANDY BARR,REP. GARLAND 'ANDY' BARR,TRUE,K000376,HON. ROBIN L. KELLY,REP. MIKE 'MIKE' KELLY JR.,TRUE,S001195,HON. JASON T. SMITH,,,S000051,HON. MARK SANFORD,,,D000617,HON. SUZAN K. DELBENE,REP. SUZAN DELBENE,TRUE,B001289,HON. BRADLEY BYRNE,REP. BRADLEY BYRNE,TRUE,C001101,HON. KATHERINE M. CLARK,REP. KATHERINE CLARK,TRUE,M001192,HON. VANCE M. MCALLISTER,REP. VANCE MCALLISTER,TRUE,A000374,HON. RALPH ABRAHAM,REP. RALPH ABRAHAM,TRUE,L000585,HON. DARIN LAHOOD,REP. DARIN LAHOOD,TRUE,D000625,HON. DANIEL DONOVAN,REP. DANIEL DONOVAN,TRUE,K000388,HON. TRENT KELLY,REP. TRENT KELLY,TRUE,A000373,HON. BRAD ASHFORD,REP. BRAD ASHFORD,TRUE,A000370,HON. ALMA S. ADAMS,REP. ALMA ADAMS,TRUE,A000371,HON. PETE AGUILAR,,,A000372,HON. RICK ALLEN,,,A000372,HON. RICK W. ALLEN,,,B001291,HON. BRIAN BABIN,,,B001292,"HON. DONALD S. BEYER, JR.",,,B001293,HON. MIKE BISHOP,,,B001294,HON. ROB BLUM,REP. ROD BLUM,,B001295,HON. MIKE BOST,,,B001296,HON. BRENDAN F. BOYLE,,,B001297,HON. KEN BUCK,,,B001290,HON. DAVE BRAT,,,C001103,HON. EARL L. BUDDY CARTER,,,C001102,HON. CURT CLAWSON,,,C001105,HON. BARBARA COMSTOCK,,,C001106,HON. RYAN A. COSTELLO,,,C001107,HON. CARLOS CURBELO,,,C001078,HON. GERALD E. GERRY CONNOLLY,,,C001087,HON. ERIC A. RICK CRAWFORD,,,D000623,HON. MARK DESAULNIER,,,D000624,HON. DEBBIE DINGELL,,,E000294,HON. TOM EMMER,,,F000459,HON. CHARLES J. CHUCK FLEISCHMANN,REP. CHARLES 'CHUCK' FLEISCHMANN,TRUE,F000459,HON. CHARLES J. CHUCK FLEISCHMANN--,REP. CHARLES 'CHUCK' FLEISCHMANN,TRUE,G000574,HON. RUBEN GALLEGO,REP. RUBEN GALLEGO,TRUE,G000574,HON. RUBEN GALLEGO--,REP. RUBEN GALLEGO,TRUE,G000575,HON. GWEN GRAHAM,REP. GWEN GRAHAM,TRUE,G000575,HON. GWEN GRAHAM--,REP. GWEN GRAHAM,TRUE,G000577,HON. GARRET GRAVES,REP. GARRET GRAVES,TRUE,G000577,HON. GARRET GRAVES--,REP. GARRET GRAVES,TRUE,G000576,HON. GLENN GROTHMAN,REP. GLENN GROTHMAN,TRUE,G000576,HON. GLENN GROTHMAN--,REP. GLENN GROTHMAN,TRUE,H001070,HON. CRESENT HARDY,REP. CRESENT HARDY,TRUE,H001070,HON. CRESENT HARDY--,REP. CRESENT HARDY,TRUE,H001071,HON. JODY B. HICE--,REP. JODY HICE,TRUE,H001073,HON. WILL HURD,REP. WILL HURD,TRUE,H001073,HON. WILL HURD--,REP. WILL HURD,TRUE,J000297,HON. EVAN H. JENKINS,REP. EVAN JENKINS,TRUE,J000297,HON. EVAN H. JENKINS--,REP. EVAN JENKINS,TRUE,J000288,"HON. HENRY C. HANK JOHNSON, JR.",REP. HENRY 'HANK' JOHNSON JR.,TRUE,J000288,"HON. HENRY C. HANK JOHNSON, JR.--",REP. HENRY 'HANK' JOHNSON JR.,TRUE,J000296,HON. DAVID W. JOLLY,REP. DAVID JOLLY,TRUE,J000296,HON. DAVID W. JOLLY--,REP. DAVID JOLLY,TRUE,K000386,HON. JOHN KATKO,REP. JOHN KATKO,TRUE,K000386,HON. JOHN KATKO--,REP. JOHN KATKO,TRUE,L000581,HON. BRENDA L. LAWRENCE,REP. BRENDA LAWRENCE,TRUE,L000581,HON. BRENDA L. LAWRENCE--,REP. BRENDA LAWRENCE,TRUE,L000582,HON. TED LIEU,REP. TED LIEU,TRUE,L000582,HON. TED LIEU--,REP. TED LIEU,TRUE,L000583,HON. BARRY LOUDERMILK,REP. BARRY LOUDERMILK,TRUE,L000583,HON. BARRY LOUDERMILK--,REP. BARRY LOUDERMILK,TRUE,L000584,HON. MIA B. LOVE,REP. MIA LOVE,TRUE,L000584,HON. MIA B. LOVE--,REP. MIA LOVE,TRUE,M001193,HON. THOMAS MACARTHUR,REP. TOM MACARTHUR,TRUE,M001193,HON. THOMAS MACARTHUR--,REP. TOM MACARTHUR,TRUE,M001197,HON. MARTHA MCSALLY,REP. MARTHA MCSALLY,TRUE,M001197,HON. MARTHA MCSALLY--,REP. MARTHA MCSALLY,TRUE,M001194,HON. JOHN R. MOOLENAAR--,REP. JOHN MOOLENAAR,TRUE,M001196,HON. SETH MOULTON--,REP. SETH MOULTON,TRUE,N000189,HON. DAN NEWHOUSE--,REP. DAN NEWHOUSE,TRUE,N000188,HON. DONALD NORCROSS,REP. DONALD NORCROSS,TRUE,N000188,HON. DONALD NORCROSS--,REP. DONALD NORCROSS,TRUE,P000609,HON. GARY J. PALMER,REP. GARY PALMER,TRUE,P000609,HON. GARY J. PALMER--,REP. GARY PALMER,TRUE,P000610,HON. STACEY PLASKETT,DEL. STACEY PLASKETT,TRUE,P000610,HON. STACEY PLASKETT--,DEL. STACEY PLASKETT,TRUE,P000611,HON. BRUCE POLIQUIN,REP. BRUCE POLIQUIN,TRUE,P000611,HON. BRUCE POLIQUIN--,REP. BRUCE POLIQUIN,TRUE,R000011,HON. NICK J. II RAHALL,REP. NICK RAHALL II,FALSE,R000601,HON. JOHN RATCLIFFE,REP. JOHN RATCLIFFE,TRUE,R000601,HON. JOHN RATCLIFFE--,REP. JOHN RATCLIFFE,TRUE,R000602,HON. KATHLEEN M. RICE,REP. KATHLEEN RICE,TRUE,R000602,HON. KATHLEEN M. RICE--,REP. KATHLEEN RICE,TRUE,R000603,HON. DAVID ROUZER,REP. DAVID ROUZER,TRUE,R000603,HON. DAVID ROUZER--,REP. DAVID ROUZER,TRUE,R000604,HON. STEVE RUSSELL,REP. STEVE RUSSELL,TRUE,R000604,HON. STEVE RUSSELL--,REP. STEVE RUSSELL,TRUE,S000185,HON. ROBERT C. BOBBY SCOTT,REP. ROBERT 'BOBBY' SCOTT,TRUE,S000185,HON. ROBERT C. BOBBY SCOTT--,REP. ROBERT 'BOBBY' SCOTT,TRUE,S001195,HON. JASON SMITH,REP. JASON SMITH,TRUE,S001195,HON. JASON SMITH--,REP. JASON SMITH,TRUE,S001196,HON. ELISE M. STEFANIK,REP. ELISE STEFANIK,TRUE,S001196,HON. ELISE M. STEFANIK--,REP. ELISE STEFANIK,TRUE,T000473,HON. MARK TAKAI,REP. MARK TAKAI,FALSE,T000473,HON. MARK TAKAI--,REP. MARK TAKAI,FALSE,T000474,HON. NORMA J. TORRES,REP. NORMA TORRES,TRUE,T000474,HON. NORMA J. TORRES--,REP. NORMA TORRES,TRUE,T000475,HON. DAVID A. TROTT,REP. DAVE TROTT,TRUE,T000475,HON. DAVID A. TROTT--,REP. DAVE TROTT,TRUE,W000819,HON. MARK WALKER,REP. MARK WALKER,TRUE,W000819,HON. MARK WALKER--,REP. MARK WALKER,TRUE,W000820,HON. MIMI WALTERS,REP. MIMI WALTERS,TRUE,W000820,HON. MIMI WALTERS--,REP. MIMI WALTERS,TRUE,W000822,HON. BONNIE WATSON COLEMAN,REP. BONNIE WATSON COLEMAN,TRUE,W000822,HON. BONNIE WATSON COLEMAN--,REP. BONNIE WATSON COLEMAN,TRUE,W000821,HON. BRUCE WESTERMAN,REP. BRUCE WESTERMAN,TRUE,W000821,HON. BRUCE WESTERMAN--,REP. BRUCE WESTERMAN,TRUE,Y000066,HON. DAVID YOUNG,REP. DAVID YOUNG,TRUE,Y000066,HON. DAVID YOUNG--,REP. DAVID YOUNG,TRUE,Z000017,HON. LEE M. ZELDIN,REP. LEE ZELDIN,TRUE,Z000017,HON. LEE M. ZELDIN--,REP. LEE ZELDIN,TRUE,Z000018,HON. RYAN K. ZINKE,REP. RYAN ZINKE,TRUE,Z000018,HON. RYAN K. ZINKE--,REP. RYAN ZINKE,TRUE,H000329,HON. RICHARD DOC HASTINGS,,,H000329,HON. RICHARD DOC HASTINGS--,,,H001072,HON. J. FRENCH HILL--,,,K000387,HON. STEPHEN KNIGHT,,,K000387,HON. STEPHEN KNIGHT--,,,M000508,HON. HOWARD P. BUCK MCKEON,,,M000508,HON. HOWARD P. BUCK MCKEON--,,,M001195,HON. ALEXANDER X. MOONEY,,,M001195,HON. ALEXANDER X. MOONEY--,,,O000170,HON. BETO OROURKE,,,O000170,HON. BETO OROURKE--,,,R000600,HON. AMATA COLEMAN RADEWAGEN,,,R000600,HON. AMATA COLEMAN RADEWAGEN--,,,H001071,HON. JODY B. HICE--,,,H001072,HON. J. FRENCH HILL,,,N000189,HON. DAN NEWHOUSE--,,,M001196,HON. SETH MOULTON--,,,M001194,HON. JOHN R. MOOLENAAR--,,,M001194,HON. JOHN R. MOOLENAAR--,REP. JOHN MOOLENAAR,TRUE,M001196,HON. SETH MOULTON--,REP. SETH MOULTON,TRUE,N000189,HON. DAN NEWHOUSE--,REP. DAN NEWHOUSE,TRUE,H001071,HON. JODY B. HICE--,REP. JODY HICE,TRUE,B000490,HON. SANFORD D. BISHOP,REP. SANFORD BISHOP JR.,TRUE,B001255,HON. CHARLES W. BOUSTANY,REP. CHARLES BOUSTANY JR.,TRUE,C001083,HON. JOHN C. CARNEY,REP. JOHN CARNEY,TRUE,C000714,HON. JOHN CONYERS,REP. JOHN CONYERS JR.,TRUE,D000533,HON. JOHN J. DUNCAN,REP. JOHN 'JIMMY' DUNCAN JR.,TRUE,H001071,HON. JODY B. HICE,REP. JODY HICE,TRUE,H001071,HON. JODY B. HICE--,REP. JODY HICE,TRUE,J000288,HON. HENRY C. HANK JOHNSON,REP. HENRY 'HANK' JOHNSON JR.,TRUE,K000379,HON. JOSEPH P. KENNEDY,REP. JOSEPH KENNEDY III,TRUE,M001194,HON. JOHN R. MOOLENAAR,REP. JOHN MOOLENAAR,TRUE,M001194,HON. JOHN R. MOOLENAAR--,REP. JOHN MOOLENAAR,TRUE,M001196,HON. SETH MOULTON,REP. SETH MOULTON,TRUE,M001196,HON. SETH MOULTON--,REP. SETH MOULTON,TRUE,N000189,HON. DAN NEWHOUSE,REP. DAN NEWHOUSE,TRUE,N000189,HON. DAN NEWHOUSE--,REP. DAN NEWHOUSE,TRUE,P000034,HON. FRANK PALLONE,REP. FRANK PALLONE JR.,TRUE,P000096,HON. BILL PASCRELL,REP. BILL PASCRELL JR.,TRUE,S000244,HON. F. JAMES SENSENBRENNER,REP. F. SENSENBRENNER JR.,TRUE,W000814,HON. RANDY K. WEBER,REP. RANDY WEBER,TRUE,B001292,HON. DONALD S. BEYER,REP. DONALD BEYER,TRUE,D000625,"HON. DANIEL M. DONOVAN, JR.",REP. DANIEL DONOVAN JR.,TRUE,R000570,HON. PAUL D. RYAN,REP. PAUL RYAN,TRUE,,HON. 8TH DISTRICT OF OHIO,,,D000626,HON. WARREN DAVIDSON,REP. WARREN DAVIDSON,TRUE,C001082,HON. FRANCISCO QUICO CANSECO,REP. FRANCISCO 'QUICO' CANSECO,FALSE,B001282,HON. GARLAND ANDY BARR,REP. GARLAND 'ANDY' BARR,TRUE,C001079,HON. ANH JOSEPH CAO,REP. ANH 'JOSEPH' CAO,FALSE,HON. 8TH DISTRICT OF OHIO