bioguide_id,name,name_confirm_from_sunlight,in_office
G000546,HON. SAM GRAVES,REP. SAMUEL 'SAM' GRAVES,true
K000172,HON. DALE E KILDEE,REP. DALE KILDEE,true
M000934,HON. JERRY MORAN,REP. JERRY MORAN,true
T000467,HON. GLENN THOMPSON,REP. GLENN 'G.T.' THOMPSON JR.,true
R000577,HON. TIMOTHY J. RYAN,REP. TIMOTHY 'TIM' RYAN,true
C000380,HON. DONNA MC CHRISTENSEN,DEL. DONNA CHRISTENSEN,true
B001248,HON. MICHAEL C. BURGESS,REP. MICHAEL BURGESS,true
L000569,HON. BLAINE LUETKEMEYER,REP. BLAINE LUETKEMEYER,true
I000023,HON. BOB INGLIS,REP. ROBERT 'BOB' INGLIS SR.,true
L000571,HON. CYNTHIA M. LUMMIS,REP. CYNTHIA LUMMIS,true
Y000033,HON. DON YOUNG,REP. DONALD 'DON' YOUNG,true
S001158,HON. JOHN T. SALAZAR,REP. JOHN SALAZAR,true
C001067,HON. YVETTE D. CLARKE,REP. YVETTE CLARKE,true
S000244,HON. F JAMES SENSENBRENNER JR,REP. JAMES 'JIM' SENSENBRENNER JR.,true
S001150,HON. ADAM B. SCHIFF,REP. ADAM SCHIFF,true
H001037,HON. STEPHANIE HERSETH,,
B000287,HON. XAVIER BECERRA,REP. XAVIER BECERRA,true
Y000062,HON. JOHN A. YARMUTH,REP. JOHN YARMUTH,true
D000096,HON. DANNY K. DAVIS,REP. DANNY DAVIS,true
T000238,HON. MAC THORNBERRY,REP. WILLIAM 'MAC' THORNBERRY,true
C001049,HON. WILLIAM LACY CLAY,REP. WILLIAM 'LACY' CLAY JR.,true
K000362,HON. STEVE KING,REP. STEVE KING,true
L000111,HON. TOM LATHAM,REP. THOMAS 'TOM' LATHAM,true
K000188,HON. RON KIND,REP. RONALD 'RON' KIND,true
H000627,HON. MAURICE D HINCHEY,REP. MAURICE HINCHEY,true
K000220,HON. JACK KINGSTON,REP. JACK KINGSTON,true
P000583,HON. RON PAUL,REP. RONALD 'RON' PAUL,true
D000609,HON. STEVE DRIEHAUS,REP. STEVEN 'STEVE' DRIEHAUS,true
K000366,HON. RON KLEIN,REP. RON KLEIN,true
T000465,HON. NIKI TSONGAS,REP. NICOLA 'NIKI' TSONGAS,true
B001242,HON. TIMOTHY H. BISHOP,REP. TIMOTHY BISHOP,true
B000213,HON. JOE BARTON,REP. JOE BARTON,true
F000372,HON. RODNEY P FRELINGHUYSEN,REP. RODNEY FRELINGHUYSEN,true
G000550,HON. PHIL GINGREY,REP. PHIL GINGREY,true
G000557,HON. PARKER GRIFFITH,REP. PARKER GRIFFITH,true
R000486,HON. LUCILLE ROYBAL-ALLARD,REP. LUCILLE ROYBAL-ALLARD,true
G000551,HON. RAUL M. GRIJALVA,REP. RAUL GRIJALVA,true
R000580,HON. PETER J. ROSKAM,REP. PETER ROSKAM,true
C001047,HON. SHELLEY MOORE CAPITO,REP. SHELLEY CAPITO,true
B000575,HON. ROY BLUNT,REP. ROY BLUNT,true
K000180,HON. CAROLYN C. KILPATRICK,REP. CAROLYN KILPATRICK,true
B001239,HON. J. GRESHAM BARRETT,REP. J. GRESHAM BARRETT,true
W000801,HON. CHARLES A. WILSON,REP. CHARLES 'CHARLIE' WILSON JR.,true
L000559,HON. JAMES R. LANGEVIN,REP. JAMES 'JIM' LANGEVIN,true
G000552,HON. LOUIE GOHMERT,REP. LOUIS 'LOUIE' GOHMERT,true
M000404,HON. JIM MCDERMOTT,REP. JAMES 'JIM' MCDERMOTT,true
C001068,HON. STEVE COHEN,REP. STEVE COHEN,true
J000290,HON. LYNN JENKINS,REP. LYNN JENKINS,true
H000712,HON. TIM HOLDEN,REP. TIM HOLDEN,true
T000459,HON. LEE TERRY,REP. LEE TERRY,true
D000604,HON. CHARLES W. DENT,REP. CHARLES DENT,true
P000265,HON. THOMAS PETRI,REP. THOMAS 'TOM' PETRI,true
R000568,HON. CIRO RODRIGUEZ,REP. CIRO RODRIGUEZ,true
Q000023,HON. MIKE QUIGLEY,REP. MIKE QUIGLEY,true
N000183,HON. GLENN C. NYE III,REP. GLENN NYE III,true
T000468,HON. DINA TITUS,REP. ALICE 'DINA' TITUS,true
S000364,HON. JOHN SHIMKUS,REP. JOHN SHIMKUS,true
W000804,HON. ROBERT J. WITTMAN,REP. ROBERT 'ROB' WITTMAN,true
M001151,HON. TIM MURPHY,REP. TIM MURPHY,true
T000460,HON. MIKE THOMPSON,REP. MICHAEL 'MIKE' THOMPSON,true
H001038,HON. BRIAN HIGGINS,REP. BRIAN HIGGINS,true
C000243,HON. MICHAEL N CASTLE,REP. MICHAEL CASTLE,true
S001173,HON. ZACHARY T. SPACE,REP. ZACHARY 'ZACK' SPACE,true
F000454,HON. BILL FOSTER,REP. BILL FOSTER,true
L000491,HON. FRANK D LUCAS,REP. FRANK LUCAS,true
I000056,HON. DARRELL E. ISSA,REP. DARRELL ISSA,true
M000725,HON. GEORGE MILLER,REP. GEORGE MILLER,true
F000448,HON. TRENT FRANKS,REP. TRENT FRANKS,true
W000672,HON. FRANK R WOLF,REP. FRANK WOLF,true
K000365,HON. STEVE KAGEN,REP. STEVEN KAGEN,true
H001030,HON. BARON P. HILL,REP. BARON HILL,true
L000560,HON. RICK LARSEN,REP. RICK LARSEN,true
M001155,HON. CONNIE MACK,REP. CONNIE MACK IV,true
B001260,HON. VERN BUCHANAN,REP. VERN BUCHANAN,true
S001172,HON. ADRIAN SMITH,REP. ADRIAN SMITH,true
S001180,HON. KURT SCHRADER,REP. KURT SCHRADER,true
E000063,HON. CHET EDWARDS,REP. THOMAS 'CHET' EDWARDS,true
A000365,HON. STEVE AUSTRIA,REP. STEVEN 'STEVE' AUSTRIA,true
L000557,HON. JOHN B. LARSON,REP. JOHN LARSON,true
C001080,HON. JUDY CHU,REP. JUDY CHU,true
M001169,HON. CHRISTOPHER S. MURPHY,REP. CHRISTOPHER 'CHRIS' MURPHY,true
S000480,HON. LOUISE MCINTOSH SLAUGHTER,REP. LOUISE SLAUGHTER,true
B000911,HON. CORRINE BROWN,REP. CORRINE BROWN,true
M001147,HON. THADDEUS G. MCCOTTER,REP. THADDEUS 'THAD' MCCOTTER,true
S000822,HON. CLIFF STEARNS,REP. CLIFFORD 'CLIFF' STEARNS,true
E000172,HON. JO ANN EMERSON,REP. JO ANN EMERSON,true
M001142,HON. JIM MATHESON,REP. JIM MATHESON,true
B001253,HON. MELISSA L. BEAN,REP. MELISSA BEAN,true
N000179,HON. GRACE F. NAPOLITANO,REP. GRACE NAPOLITANO,true
L000263,HON. SANDER M LEVIN,REP. SANDER 'SANDY' LEVIN,true
A000358,HON. W. TODD AKIN,REP. W. TODD AKIN,true
W000800,HON. PETER WELCH,REP. PETER WELCH,true
S001175,HON. JACKIE SPEIER,REP. K. JACQUELINE 'JACKIE' SPEIER,true
R000573,HON. MIKE ROSS,REP. MIKE ROSS,true
C001058,HON. BEN CHANDLER,REP. ALBERT 'BEN' CHANDLER III,true
C000556,HON. HOWARD COBLE,REP. JOHN 'HOWARD' COBLE,true
B000574,HON. EARL BLUMENAUER,REP. EARL BLUMENAUER,true
E000092,HON. VERNON J EHLERS,REP. VERNON 'VERN' EHLERS,true
N000147,HON. ELEANOR HOLMES NORTON,DEL. ELEANOR NORTON,true
M001159,HON. CATHY MCMORRIS RODGERS,,
D000355,HON. JOHN D DINGELL,REP. JOHN DINGELL,true
S001164,HON. JEAN SCHMIDT,REP. JEAN SCHMIDT,true
G000309,HON. BART GORDON,REP. BART GORDON,true
E000289,HON. BRAD ELLSWORTH,REP. BRAD ELLSWORTH,true
C000059,HON. KEN CALVERT,REP. KEN CALVERT,true
A000014,HON. NEIL ABERCROMBIE,REP. NEIL ABERCROMBIE,false
L000287,HON. JOHN LEWIS,REP. JOHN LEWIS,true
B001229,HON. BRIAN BAIRD,REP. BRIAN BAIRD,true
D000603,HON. GEOFF DAVIS,REP. GEOFF DAVIS,true
M001171,HON. DANIEL B. MAFFEI,REP. DANIEL 'DAN' MAFFEI,true
G000535,HON. LUIS V GUTIERREZ,REP. LUIS GUTIERREZ,true
J000283,HON. JESSE L JACKSON JR,REP. JESSE JACKSON JR.,true
C001076,HON. JASON CHAFFETZ,REP. JASON CHAFFETZ,true
O000107,HON. SOLOMON P ORTIZ,REP. SOLOMON ORTIZ SR.,true
B001247,HON. GINNY BROWN-WAITE,REP. VIRGINIA 'GINNY' BROWN-WAITE,true
S000510,HON. ADAM SMITH,REP. ADAM SMITH,true
O000085,HON. JOHN OLVER,REP. JOHN OLVER,true
D000399,HON. LLOYD DOGGETT,REP. LLOYD DOGGETT,true
L000551,HON. BARBARA LEE,REP. BARBARA LEE,true
W000795,HON. JOE WILSON,REP. ADDISON 'JOE' WILSON SR.,true
S000344,HON. BRAD SHERMAN,REP. BRAD SHERMAN,true
A000210,HON. ROBERT ANDREWS,REP. ROBERT 'ROB' ANDREWS,true
S001168,HON. JOHN P. SARBANES,REP. JOHN SARBANES,true
B001227,HON. ROBERT A. BRADY,REP. ROBERT 'BOB' BRADY,true
C000984,HON. ELIJAH CUMMINGS,REP. ELIJAH CUMMINGS,true
C000537,HON. JAMES E CLYBURN,REP. JAMES 'JIM' CLYBURN,true
C000071,HON. DAVE CAMP,REP. DAVID 'DAVE' CAMP,true
C001072,HON. ANDRE CARSON,REP. ANDRE CARSON,true
H000874,HON. STENY H HOYER,REP. STENY HOYER,true
G000549,HON. JIM GERLACH,REP. JIM GERLACH,true
E000290,HON. DONNA F. EDWARDS,REP. DONNA EDWARDS,true
B001254,HON. DAN BOREN,REP. DAVID 'DAN' BOREN,true
M001160,HON. GWEN MOORE,REP. GWENDOLYNNE 'GWEN' MOORE,true
W000738,HON. LYNN C WOOLSEY,REP. LYNN WOOLSEY,true
L000570,HON. BEN RAY LUJAN,REP. BEN LUJAN JR.,true
B000657,HON. RICK BOUCHER,REP. FREDERICK 'RICK' BOUCHER,true
H000067,HON. RALPH M HALL,REP. RALPH HALL,true
N000002,HON. JERROLD NADLER,REP. JERROLD NADLER,true
R000570,HON. PAUL RYAN,REP. PAUL RYAN,true
K000360,HON. MARK STEVEN KIRK,REP. MARK KIRK,true
C001074,HON. TRAVIS W. CHILDERS,REP. TRAVIS CHILDERS,true
M001177,HON. TOM MCCLINTOCK,REP. TOM MCCLINTOCK,true
M001149,HON. MICHAEL H. MICHAUD,REP. MICHAEL 'MIKE' MICHAUD,true
P000096,"HON. BILL PASCRELL, JR.",REP. WILLIAM 'BILL' PASCRELL JR.,true
L000321,HON. JOHN LINDER,REP. JOHN LINDER,true
N000182,HON. RANDY NEUGEBAUER,REP. RANDY NEUGEBAUER,true
F000456,HON. JOHN FLEMING,REP. JOHN FLEMING,true
O000168,HON. PETE OLSON,REP. PETE OLSON,true
M001154,HON. BRAD MILLER,REP. RALPH 'BRAD' MILLER,true
R000515,HON. BOBBY L RUSH,REP. BOBBY RUSH,true
W000797,HON. DEBBIE WASSERMAN SCHULTZ,REP. DEBBIE WASSERMAN SCHULTZ,true
H000528,HON. WALLY HERGER,REP. WALTER 'WALLY' HERGER JR.,true
W000794,HON. DIANE E. WATSON,REP. DIANE WATSON,true
C001036,HON. LOIS CAPPS,REP. LOIS CAPPS,true
G000554,HON. GABRIELLE GIFFORDS,REP. GABRIELLE GIFFORDS,true
G000556,HON. ALAN GRAYSON,REP. ALAN GRAYSON,true
D000533,"HON. JOHN J. DUNCAN, JR.",REP. JOHN DUNCAN JR.,true
A000055,HON. ROBERT B. ADERHOLT,REP. ROBERT ADERHOLT,true
F000449,HON. JEFF FORTENBERRY,REP. JEFF FORTENBERRY,true
C001069,HON. JOE COURTNEY,REP. JOSEPH 'JOE' COURTNEY,true
H001043,HON. PAUL W. HODES,REP. PAUL HODES,true
M001150,HON. CANDICE S. MILLER,REP. CANDICE MILLER,true
H001041,HON. DEAN HELLER,REP. DEAN HELLER,true
H001044,HON. DEBORAH L. HALVORSON,REP. DEBORAH 'DEBBIE' HALVORSON,true
K000009,HON. MARCY KAPTUR,REP. MARCY KAPTUR,true
C001062,HON. K. MICHAEL CONAWAY,REP. K. MICHAEL 'MIKE' CONAWAY,true
S000030,HON. LORETTA SANCHEZ,REP. LORETTA SANCHEZ,true
S001154,HON. BILL SHUSTER,REP. BILL SHUSTER,true
G000548,HON. SCOTT GARRETT,REP. E. SCOTT GARRETT,true
W000314,HON. ROBERT WEXLER,REP. ROBERT WEXLER,false
B001228,HON. MARY BONO MACK,,true
L000274,HON. JERRY LEWIS,REP. JERRY LEWIS,true
M001167,HON. HARRY E. MITCHELL,REP. HARRY MITCHELL,true
P000598,HON. JARED POLIS,REP. JARED POLIS,true
M001166,HON. JERRY MCNERNEY,REP. GERALD 'JERRY' MCNERNEY,true
H001045,HON. GREGG HARPER,REP. GREGG HARPER,true
J000289,HON. JIM JORDAN,REP. JAMES 'JIM' JORDAN,true
H001046,HON. MARTIN HEINRICH,REP. MARTIN HEINRICH,true
P000099,HON. ED PASTOR,REP. ED PASTOR,true
J000126,HON. EDDIE BERNICE JOHNSON,REP. EDDIE JOHNSON,true
S000810,HON. FORTNEY PETE STARK,REP. FORTNEY 'PETE' STARK,true
K000008,HON. PAUL E KANJORSKI,REP. PAUL KANJORSKI,true
V000081,HON. NYDIA M VELAZQUEZ,REP. NYDIA VELAZQUEZ,true
K000336,HON. DENNIS J. KUCINICH,REP. DENNIS KUCINICH,true
L000565,HON. DAVID LOEBSACK,REP. DAVE LOEBSACK,true
B000589,HON. JOHN A BOEHNER,REP. JOHN BOEHNER,true
M001175,HON. WALTER MINNICK,REP. WALTER 'WALT' MINNICK,true
S001148,HON. MICHAEL K. SIMPSON,REP. MICHAEL 'MIKE' SIMPSON,true
W000187,HON. MAXINE WATERS,REP. MAXINE WATERS,true
A000022,HON. GARY L ACKERMAN,REP. GARY ACKERMAN,true
P000149,HON. DONALD M PAYNE,REP. DONALD PAYNE,true
P000591,HON. TOM PRICE,REP. THOMAS 'TOM' PRICE,true
B001234,HON. JOE BACA,REP. JOE BACA,true
M001173,HON. ERIC J. J. MASSA,REP. ERIC MASSA,false
P000197,HON. NANCY PELOSI,REP. NANCY PELOSI,true
J000255,HON. WALTER B JONES,REP. WALTER JONES JR.,true
M001139,HON. GARY G. MILLER,REP. GARY MILLER,true
S000465,HON. IKE SKELTON,REP. IKE SKELTON,true
B000461,HON. BRIAN BILBRAY,REP. BRIAN BILBRAY,true
D000210,HON. WILLIAM D. DELAHUNT,REP. WILLIAM 'BILL' DELAHUNT,true
S001174,HON. BETTY SUTTON,REP. BETTY SUTTON,true
M000485,HON. MIKE MCINTYRE,REP. MIKE MCINTYRE,true
B001256,HON. MICHELE BACHMANN,REP. MICHELE BACHMANN,true
B001255,"HON. CHARLES W. BOUSTANY, JR",REP. CHARLES BOUSTANY JR.,true
R000011,HON. NICK J RAHALL II,REP. NICK JOE 'NICK' RAHALL II,true
M001161,HON. CHARLIE MELANCON,REP. CHARLES 'CHARLIE' MELANCON SR.,true
M001146,HON. JIM MARSHALL,REP. JAMES 'JIM' MARSHALL,true
R000576,HON. C. A. DUTCH RUPPERSBERGER,REP. C.A. DUTCH RUPPERSBERGER,true
B000716,HON. ALLEN BOYD,REP. ALLEN BOYD JR.,true
W000413,HON. ED WHITFIELD,REP. EDWARD 'ED' WHITFIELD,true
C001077,HON. MIKE COFFMAN,REP. MIKE COFFMAN,true
C001053,HON. TOM COLE,REP. TOM COLE,true
P000258,HON. COLLIN C PETERSON,REP. COLLIN PETERSON,true
D000608,HON. KATHLEEN A. DAHLKEMPER,REP. KATHY DAHLKEMPER,true
J000032,HON. SHEILA JACKSON-LEE,,
H001039,HON. JOHN J. HALL,REP. JOHN HALL,true
R000487,HON. EDWARD R ROYCE,REP. EDWARD 'ED' ROYCE,true
M000689,HON. JOHN L MICA,REP. JOHN MICA,true
R000053,HON. CHARLES B RANGEL,REP. CHARLES 'CHARLIE' RANGEL,true
S001176,HON. STEVE SCALISE,REP. STEPHEN 'STEVE' SCALISE,true
F000030,HON. SAM FARR,REP. SAM FARR,true
J000174,HON. SAM JOHNSON,REP. SAMUEL 'SAM' JOHNSON,true
B000013,HON. SPENCER BACHUS,REP. SPENCER BACHUS,true
W000799,HON. TIMOTHY J. WALZ,REP. TIMOTHY 'TIM' WALZ,true
B001252,HON. JOHN BARROW,REP. JOHN BARROW,true
D000197,HON. DIANA DEGETTE,REP. DIANA DEGETTE,true
S001165,HON. ALBIO SIRES,REP. ALBIO SIRES,true
L000562,HON. STEPHEN F. LYNCH,REP. STEPHEN LYNCH,true
O000169,HON. WILLIAM L. OWENS,REP. BILL OWENS,true
B001235,"HON. HENRY E. BROWN, JR.",REP. HENRY BROWN JR.,true
R000582,HON. DAVID P. ROE,REP. DAVID 'PHIL' ROE,true
D000598,HON. SUSAN A. DAVIS,REP. SUSAN DAVIS,true
M001156,HON. PATRICK T. MCHENRY,REP. PATRICK MCHENRY,true
C000794,HON. JERRY F COSTELLO,REP. JERRY COSTELLO,true
C001048,HON. JOHN ABNEY CULBERSON,REP. JOHN CULBERSON,true
L000566,HON. ROBERT E. LATTA,REP. ROBERT 'BOB' LATTA,true
E000226,HON. BOB ETHERIDGE,REP. BOB ETHERIDGE,true
S001045,HON. BART STUPAK,REP. BART STUPAK,true
D000602,HON. ARTUR DAVIS,REP. ARTUR DAVIS,true
R000583,HON. THOMAS J. ROONEY,REP. TOM ROONEY,true
M000087,HON. CAROLYN B MALONEY,REP. CAROLYN MALONEY,true
C001046,HON. ERIC CANTOR,REP. ERIC CANTOR,true
D000492,HON. DAVID DREIER,REP. DAVID DREIER,true
S001162,HON. ALLYSON Y. SCHWARTZ,REP. ALLYSON SCHWARTZ,true
P000422,HON. EARL POMEROY,REP. EARL POMEROY,true
E000179,HON. ELIOT L ENGEL,REP. ELIOT ENGEL,true
C001059,HON. JIM COSTA,REP. JIM COSTA,true
B001236,HON. JOHN BOOZMAN,REP. JOHN BOOZMAN,true
M000508,HON. HOWARD ″BUCK″ MCKEON,REP. HOWARD 'BUCK' MCKEON,true
S000185,HON. ROBERT C SCOTT,REP. ROBERT 'BOBBY' SCOTT,true
D000607,HON. JOE DONNELLY,REP. JOE DONNELLY SR.,true
P000595,HON. GARY C. PETERS,REP. GARY PETERS,true
M001134,HON. SUE MYRICK,REP. SUE MYRICK,true
M001143,HON. BETTY MCCOLLUM,REP. BETTY MCCOLLUM,true
B000208,HON. ROSCOE G BARTLETT,REP. ROSCOE BARTLETT,true
S000583,HON. LAMAR SMITH,REP. LAMAR SMITH,true
R000409,HON. DANA ROHRABACHER,REP. DANA ROHRABACHER,true
B001257,HON. GUS M. BILIRAKIS,REP. GUS 'GUS' BILIRAKIS,true
C001065,HON. CHRISTOPHER P. CARNEY,REP. CHRISTOPHER 'CHRIS' CARNEY,true
G000559,HON. JOHN GARAMENDI,REP. JOHN GARAMENDI,true
C001075,HON. BILL CASSIDY,REP. WILLIAM 'BILL' CASSIDY,true
K000368,HON. ANN KIRKPATRICK,REP. ANN KIRKPATRICK,true
B001251,HON. G.K. BUTTERFIELD,REP. GEORGE 'G.K.' BUTTERFIELD JR.,true
B000652,HON. LEONARD L. BOSWELL,REP. LEONARD BOSWELL,true
T000469,HON. PAUL D. TONKO,REP. PAUL TONKO,true
I000057,HON. STEVE ISRAEL,REP. STEVE ISRAEL,true
R000004,HON. GEORGE P RADANOVICH,REP. GEORGE RADANOVICH,true
P000034,HON. FRANK PALLONE JR,REP. FRANK PALLONE JR.,true
F000450,HON. VIRGINIA FOXX,REP. VIRGINIA 'VIRGINIA' FOXX,true
A000361,HON. RODNEY ALEXANDER,REP. RODNEY ALEXANDER,true
F000444,HON. JEFF FLAKE,REP. JEFF FLAKE,true
S000275,HON. JOHN SHADEGG,REP. JOHN SHADEGG,true
S001156,HON. LINDA T. SANCHEZ,REP. LINDA SANCHEZ,true
W000215,HON. HENRY A WAXMAN,REP. HENRY WAXMAN,true
S000672,HON. VIC SNYDER,REP. VICTOR 'VIC' SNYDER,true
C001037,HON. MICHAEL E. CAPUANO,REP. MICHAEL 'MIKE' CAPUANO,true
C001038,HON. JOSEPH CROWLEY,REP. JOSEPH 'JOE' CROWLEY,true
F000445,HON. J. RANDY FORBES,REP. JAMES 'RANDY' FORBES,true
P000597,HON. CHELLIE PINGREE,REP. CHELLIE PINGREE,true
B001262,HON. PAUL BROUN,REP. PAUL BROUN,true
W000796,HON. LYNN A WESTMORELAND,REP. LYNN WESTMORELAND,true
S001143,HON. MARK E SOUDER,REP. MARK SOUDER,false
C001064,HON. JOHN CAMPBELL,REP. JOHN CAMPBELL III,true
R000578,HON. DAVID G. REICHERT,REP. DAVID 'DAVE' REICHERT,true
M001172,HON. BETSY MARKEY,REP. BETSY MARKEY,true
F000010,HON. ENI F H FALEOMAVAEGA,DEL. ENI FALEOMAVAEGA JR,true
C001050,HON. DENNIS A. CARDOZA,REP. DENNIS CARDOZA,true
T000326,HON. EDOLPHUS TOWNS,REP. EDOLPHUS 'ED' TOWNS,true
D000216,HON. ROSA L DELAURO,REP. ROSA DELAURO,true
D000327,HON. NORMAN D DICKS,REP. NORMAN 'NORM' DICKS,true
V000128,HON. CHRIS VAN HOLLEN,REP. CHRISTOPHER 'CHRIS' VAN HOLLEN JR.,true
N000181,HON. DEVIN NUNES,REP. DEVIN NUNES,true
C001078,HON. GERALD E ″GERRY″ CONNOLLY,REP. GERALD 'GERRY' CONNOLLY,true
P000373,HON. JOSEPH R. PITTS,REP. JOSEPH 'JOE' PITTS,true
M001120,HON. JOHN P. MURTHA,REP. JOHN 'JACK' MURTHA,false
L000397,HON. ZOE LOFGREN,REP. ZOE LOFGREN,true
L000480,HON. NITA M LOWEY,REP. NITA LOWEY,true
H000636,HON. RUBEN HINOJOSA,REP. RUBEN HINOJOSA SR.,true
F000455,HON. MARCIA L. FUDGE,REP. MARCIA FUDGE,true
M000933,HON. JAMES P MORAN JR,REP. JAMES 'JIM' MORAN JR.,true
T000462,HON. PATRICK J. TIBERI,REP. PATRICK 'PAT' TIBERI,true
C000714,HON. JOHN CONYERS JR,REP. JOHN CONYERS JR.,true
H001040,HON. PHIL HARE,REP. PHIL HARE,true
D000299,HON. LINCOLN DIAZ-BALART,REP. LINCOLN DIAZ-BALART,true
F000043,HON. CHAKA FATTAH,REP. CHAKA FATTAH SR.,true
P000587,HON. MIKE PENCE,REP. MIKE PENCE,true
M001148,HON. KENDRICK B. MEEK,REP. KENDRICK MEEK SR.,true
M001174,HON. MICHAEL E. MCMAHON,REP. MICHAEL MCMAHON,true
B001250,HON. ROB BISHOP,REP. ROB BISHOP,true
T000260,HON. TODD TIAHRT,REP. TODD TIAHRT,true
J000285,HON. TIMOTHY V. JOHNSON,REP. TIMOTHY 'TIM' JOHNSON,true
B001149,HON. DAN BURTON,REP. DAN BURTON,true
D000191,HON. PETER A DEFAZIO,REP. PETER DEFAZIO,true
D000599,HON. LINCOLN DAVIS,REP. LINCOLN DAVIS,true
K000210,HON. PETER T KING,REP. PETER 'PETE' KING,true
W000793,HON. DAVID WU,REP. DAVID WU,true
S000749,HON. JOHN M SPRATT JR,REP. JOHN SPRATT JR.,true
M001165,HON. KEVIN MCCARTHY,REP. KEVIN MCCARTHY,true
M001157,HON. MICHAEL T. MCCAUL,REP. MICHAEL MCCAUL,true
H001036,HON. JEB HENSARLING,REP. JEB HENSARLING,true
U000031,HON. FRED UPTON,REP. FREDERICK 'FRED' UPTON,true
R000575,HON. MIKE ROGERS (AL),REP. MICHAEL 'MIKE' ROGERS,true
C001060,HON. RUSS CARNAHAN,REP. JOHN 'RUSS' CARNAHAN,true
A000363,HON. MICHAEL A ARCURI,REP. MICHAEL ARCURI,true
G000289,HON. BOB GOODLATTE,REP. ROBERT 'BOB' GOODLATTE,true
S001178,HON. MARK H. SCHAUER,REP. MARK SCHAUER,true
F000339,HON. BARNEY FRANK,REP. BARNEY FRANK,true
R000581,HON. LAURA RICHARDSON,REP. LAURA RICHARDSON,true
M001158,HON. KENNY MARCHANT,REP. KENNY MARCHANT,true
W000792,HON. ANTHONY D. WEINER,REP. ANTHONY WEINER,true
R000435,HON. ILEANA ROS-LEHTINEN,REP. ILEANA ROS-LEHTINEN,true
P000586,HON. ADAM H. PUTNAM,REP. ADAM PUTNAM,true
V000108,HON. PETER J VISCLOSKY,REP. PETER 'PETE' VISCLOSKY,true
D000600,HON. MARIO DIAZ-BALART,REP. MARIO DIAZ-BALART,true
A000364,HON. JOHN H. ADLER,REP. JOHN ADLER,true
G000558,HON. BRETT GUTHRIE,REP. STEVEN GUTHRIE,true
M001137,HON. GREGORY W. MEEKS,REP. GREGORY MEEKS,true
S001155,HON. JOHN SULLIVAN,REP. JOHN SULLIVAN,true
P000594,HON. ERIK PAULSEN,REP. ERIK PAULSEN,true
K000372,HON. MARY JO KILROY,REP. MARY JO KILROY,true
C001045,HON. ANDER CRENSHAW,REP. ANDER CRENSHAW,true
T000463,HON. MICHAEL R. TURNER,REP. MICHAEL 'MIKE' TURNER,true
C001061,HON. EMANUEL CLEAVER,REP. EMANUEL CLEAVER II,true
K000363,HON. JOHN KLINE,REP. JOHN KLINE,true
B001231,HON. SHELLEY BERKLEY,REP. SHELLEY BERKLEY,true
C001063,HON. HENRY CUELLAR,REP. HENRY CUELLAR,true
M000133,HON. EDWARD J MARKEY,REP. EDWARD 'ED' MARKEY,true
M001178,HON. SCOTT MURPHY,REP. SCOTT MURPHY,true
B001264,HON. BOBBY BRIGHT,REP. BOBBY BRIGHT,true
B001230,HON. TAMMY BALDWIN,REP. TAMMY BALDWIN,true
S001145,HON. JANICE D. SCHAKOWSKY,REP. JANICE 'JAN' SCHAKOWSKY,true
K000113,HON. PATRICK J KENNEDY,REP. PATRICK KENNEDY,true
B000755,HON. KEVIN BRADY,REP. KEVIN BRADY,true
B001232,HON. JUDY BIGGERT,REP. JUDY BIGGERT,true
R000462,HON. STEVEN R. ROTHMAN,REP. STEVEN 'STEVE' ROTHMAN,true
B001243,HON. MARSHA BLACKBURN,REP. MARSHA BLACKBURN,true
L000563,HON. DANIEL LIPINSKI,REP. DANIEL LIPINSKI,true
K000369,HON. LARRY KISSELL,REP. LAWRENCE 'LARRY' KISSELL,true
N000015,HON. RICHARD E NEAL,REP. RICHARD NEAL,true
P000592,HON. TED POE,REP. TED POE,true
F000116,HON. BOB FILNER,REP. BOB FILNER,true
C001051,HON. JOHN R. CARTER,REP. JOHN CARTER,true
B001245,HON. MADELINE Z. BORDALLO,DEL. MADELINE BORDALLO,true
L000553,HON. STEVE C LATOURETTE,REP. STEVEN LATOURETTE,true
W000119,HON. ZACH WAMP,REP. ZACH WAMP,true
H001048,HON. DUNCAN HUNTER,REP. DUNCAN HUNTER,true
S001177,HON. GREGORIO SABLAN,DEL. GREGORIO SABLAN,true
H001042,HON. MAZIE K. HIRONO,REP. MAZIE HIRONO,true
H000213,HON. JANE HARMAN,REP. JANE HARMAN,true
K000370,HON. SUZANNE M. KOSMAS,REP. SUZANNE KOSMAS,true
P000593,HON. ED PERLMUTTER,REP. ED PERLMUTTER,true
G000021,HON. ELTON GALLEGLY,REP. ELTON GALLEGLY,true
B000490,HON. SANFORD D BISHOP JR,REP. SANFORD BISHOP JR.,true
M000312,HON. JAMES P. MCGOVERN,REP. JAMES 'JIM' MCGOVERN,true
S001171,HON. HEATH SHULER,REP. HEATH SHULER,true
M001144,HON. JEFF MILLER,REP. JEFF MILLER,true
H000324,HON. ALCEE L HASTINGS,REP. ALCEE HASTINGS SR.,true
L000517,HON. DANIEL E. LUNGREN,REP. DANIEL 'DAN' LUNGREN,true
G000410,HON. GENE GREEN,REP. RAYMOND 'GENE' GREEN,true
T000466,HON. HARRY TEAGUE,REP. HARRY TEAGUE,true
D000168,HON. NATHAN DEAL,REP. NATHAN DEAL,false
B001203,HON. STEVE BUYER,REP. STEPHEN 'STEVE' BUYER,true
C000754,HON. JIM COOPER,REP. JIM COOPER,true
S001179,HON. AARON SCHOCK,REP. AARON SCHOCK,true
F000453,HON. MARY FALLIN,REP. MARY FALLIN,true
H001034,HON. MICHAEL M. HONDA,REP. MICHAEL 'MIKE' HONDA,true
H001047,HON. JAMES A. HIMES,REP. JIM HIMES,true
T000266,HON. JOHN F. TIERNEY,REP. JOHN TIERNEY,true
M001168,HON. PATRICK J. MURPHY,REP. PATRICK MURPHY,true
M001163,HON. DORIS MATSUI,REP. DORIS MATSUI,true
G000544,HON. CHARLES A. GONZALEZ,REP. CHARLES 'CHARLIE' GONZALEZ,true
L000568,HON. CHRISTOPHER J. LEE,REP. CHRISTOPHER LEE,true
G000377,HON. KAY GRANGER,REP. KAY GRANGER,true
R000572,HON. MIKE ROGERS (MI),REP. MIKE ROGERS,true
T000038,HON. JOHN TANNER,REP. JOHN TANNER,true
A000362,HON. JASON ALTMIRE,REP. JASON ALTMIRE,true
E000288,HON. KEITH ELLISON,REP. KEITH ELLISON,true
S001157,HON. DAVID SCOTT,REP. DAVID SCOTT,true
C001079,HON. ANH ″JOSEPH″ CAO,REP. ANH 'JOSEPH' CAO,true
B001263,HON. JOHN A. BOCCIERI,REP. JOHN BOCCIERI,true
M001140,HON. DENNIS MOORE,REP. DENNIS MOORE,true
P000523,HON. DAVID E PRICE,REP. DAVID PRICE,true
S000250,HON. PETE SESSIONS,REP. PETER 'PETE' SESSIONS,true
G000553,HON. AL GREEN,REP. AL GREEN,true
O000007,HON. DAVID R OBEY,REP. DAVID ROSS 'DAVE' OBEY,true
T000193,HON. BENNIE G. THOMPSON,REP. BENNIE THOMPSON,true
W000207,HON. MELVIN L WATT,REP. MELVIN 'MEL' WATT,true
T000074,HON. GENE TAYLOR,REP. GENE TAYLOR,true
R000170,HON. SILVESTRE REYES,REP. SILVESTRE 'SILVER' REYES,true
B000410,HON. HOWARD L BERMAN,REP. HOWARD BERMAN,true
L000564,HON. DOUG LAMBORN,REP. DOUGLAS 'DOUG' LAMBORN,true
P000599,HON. BILL POSEY,REP. BILL POSEY,true
E000215,HON. ANNA G ESHOO,REP. ANNA ESHOO,true
O000006,HON. JAMES L OBERSTAR,REP. JAMES 'JIM' OBERSTAR,true
H000329,"HON. RICHARD ""DOC"" HASTINGS",,
B001244,HON. JO BONNER,REP. JOSIAH 'JO' BONNER JR.,true
B001259,HON. BRUCE L. BRALEY,REP. BRUCE BRALEY,true
M001138,HON. DONALD A MANZULLO,REP. DONALD 'DON' MANZULLO,true
J000288,"HON. HENRY C.""HANK"" JOHNSON JR",REP. HENRY 'HANK' JOHNSON JR.,true
P000600,HON. THOMAS S. P. PERRIELLO,REP. TOM PERRIELLO,true
L000567,HON. LEONARD LANCE,REP. LEONARD LANCE,true
S000248,HON. JOSE E SERRANO,REP. JOSE SERRANO,true
S000522,HON. CHRISTOPHER H SMITH,REP. CHRISTOPHER 'CHRIS' SMITH,true
K000371,HON. FRANK KRATOVIL JR.,REP. FRANK KRATOVIL JR.,true
P000585,HON. TODD RUSSELL PLATTS,REP. TODD PLATTS,true
Y000031,HON. C W BILL YOUNG,,
M000844,HON. ALAN B MOLLOHAN,REP. ALAN MOLLOHAN,true
H000676,HON. PETER HOEKSTRA,REP. PETER 'PETE' HOEKSTRA,true
I000026,HON. JAY INSLEE,REP. JAY INSLEE,true
C001066,HON. KATHY CASTOR,REP. KATHY CASTOR,true
S001170,HON. CAROL SHEA-PORTER,REP. CAROL SHEA-PORTER,true
S001169,HON. JOE SESTAK,REP. JOSEPH 'JOE' SESTAK JR.,true
M000309,HON. CAROLYN MCCARTHY,REP. CAROLYN MCCARTHY,true
B000420,HON. MARION BERRY,REP. ROBERT 'MARION' BERRY,true
H001032,HON. RUSH D. HOLT,REP. RUSH HOLT JR.,true
W000791,HON. GREG WALDEN,REP. GREG WALDEN,true
D000482,HON. MICHAEL F DOYLE,REP. MICHAEL 'MIKE' DOYLE JR.,true
R000571,HON. DENNIS R. REHBERG,REP. DENNIS 'DENNY' REHBERG,true
L000554,HON. FRANK A LOBIONDO,REP. FRANK LOBIONDO,true
P000596,HON. PEDRO R. PIERLUISI,COM. PEDRO PIERLUISI,true
R000395,HON. HAROLD ROGERS,REP. HAROLD 'HAL' ROGERS,true
H001029,HON. ROBIN HAYES,REP. ROBERT 'ROBIN' HAYES,false
E000287,HON. RAHM EMANUEL,REP. RAHM EMANUEL,false
P000589,HON. JON C. PORTER,REP. JON PORTER SR.,false
M000472,HON. JOHN M MCHUGH,REP. JOHN MCHUGH,false
H000762,HON. DARLENE HOOLEY,REP. DARLENE HOOLEY,false
E000268,HON. TERRY EVERETT,REP. TERRY EVERETT,false
M001152,HON. MARILYN N. MUSGRAVE,REP. MARILYN MUSGRAVE,false
W000798,HON. TIMOTHY WALBERG,REP. TIMOTHY 'TIM' WALBERG,false
R000141,HON. RALPH REGULA,REP. RALPH REGULA,false
B001258,HON. NANCY E. BOYDA,REP. NANCY BOYDA,false
S001153,HON. HILDA L. SOLIS,REP. HILDA SOLIS,false
H000666,HON. DAVID L HOBSON,REP. DAVID LEE 'DAVE' HOBSON,false
G000555,HON. KIRSTEN E. GILLIBRAND,SEN. KIRSTEN GILLIBRAND,true
D000429,HON. JOHN T DOOLITTLE,REP. JOHN DOOLITTLE,false
M001164,HON. TIM MAHONEY,REP. TIM MAHONEY,false
T000057,HON. ELLEN O. TAUSCHER,REP. ELLEN TAUSCHER,false
G000560,HON. TOM GRAVES,REP. JOHN 'TOM' GRAVES JR.,true
C001081,HON. MARK S. CRITZ,REP. MARK CRITZ,true
D000610,HON. THEODORE E. DEUTCH,REP. TED DEUTCH,true
D000611,HON. CHARLES K. DJOU,REP. CHARLES DJOU,true
M000590,HON. MICHAEL R MCNULTY,REP. MICHAEL 'MIKE' MCNULTY,false
R000574,HON. RICK RENZI,REP. RICHARD 'RICK' RENZI,false
K000361,HON. RIC KELLER,REP. RIC KELLER,false
L000043,HON. NICK LAMPSON,REP. NICHOLAS 'NICK' LAMPSON,false
P000263,HON. JOHN E. PETERSON,REP. JOHN PETERSON,false
S001167,HON. BILL SALI,REP. WILLIAM 'BILL' SALI,false
J000288,"HON. HENRY C.""HANK"" JOHNSON JR",REP. HENRY 'HANK' JOHNSON JR.,true
C001079,"HON. ANH ""JOSEPH"" CAO",REP. ANH 'JOSEPH' CAO,false
C001078,"HON. GERALD E ""GERRY"" CONNOLLY",REP. GERALD 'GERRY' CONNOLLY,true
M000508,"HON. HOWARD ""BUCK"" MCKEON",REP. HOWARD 'BUCK' MCKEON,true
B001260,HON. VERN G. BUCHANAN,REP. VERN BUCHANAN,true
H000067,HON. RALPH M. HALL,REP. RALPH HALL,true
A000022,HON. GARY L. ACKERMAN,REP. GARY ACKERMAN,true
P000258,HON. COLLIN C. PETERSON,REP. COLLIN PETERSON,true
M000133,HON. EDWARD J. MARKEY,REP. EDWARD 'ED' MARKEY,true
H000874,HON. STENY H. HOYER,REP. STENY HOYER,true
A000210,HON. ROBERT E. ANDREWS,REP. ROBERT 'ROB' ANDREWS,true
B001255,"HON. CHARLES W. BOUSTANY, JR.",REP. CHARLES BOUSTANY JR.,true
K000371,"HON. FRANK KRATOVIL, JR.",REP. FRANK KRATOVIL JR.,false
R000004,HON. GEORGE P. RADANOVICH,REP. GEORGE RADANOVICH,false
E000092,HON. VERNON J. EHLERS,REP. VERNON 'VERN' EHLERS,false
S000185,HON. ROBERT C. SCOTT,REP. ROBERT 'BOBBY' SCOTT,true
K000210,HON. PETER T. KING,REP. PETER 'PETE' KING,true
M000689,HON. JOHN L. MICA,REP. JOHN MICA,true
O000007,HON. DAVID R. OBEY,REP. DAVID ROSS 'DAVE' OBEY,false
P000034,"HON. FRANK PALLONE, JR.",REP. FRANK PALLONE JR.,true
K000008,HON. PAUL E. KANJORSKI,REP. PAUL KANJORSKI,false
M000933,HON. JAMES P. MORAN,REP. JAMES 'JIM' MORAN JR.,true
E000179,HON. ELIOT L. ENGEL,REP. ELIOT ENGEL,true
C001078,"HON. GERALD E. ""GERRY"" CONNOLLY",REP. GERALD 'GERRY' CONNOLLY,true
F000455,HON. MARCIA FUDGE,REP. MARCIA FUDGE,true
N000015,HON. RICHARD E. NEAL,REP. RICHARD NEAL,true
G000535,HON. LUIS V. GUTIERREZ,REP. LUIS GUTIERREZ,true
E000290,HON. DONNA EDWARDS,REP. DONNA EDWARDS,true
B000208,HON. ROSCOE G. BARTLETT,REP. ROSCOE BARTLETT,true
R000053,HON. CHARLES B. RANGEL,REP. CHARLES 'CHARLIE' RANGEL,true
R000572,HON. MIKE ROGERS,REP. MIKE ROGERS,true
M000087,HON. CAROLYN B. MALONEY,REP. CAROLYN MALONEY,true
C001074,HON. TRAVIS W CHILDERS,REP. TRAVIS CHILDERS,false
D000216,HON. ROSA L. DELAURO,REP. ROSA DELAURO,true
F000010,HON. ENI F. H. FALEOMAVAEGA,DEL. ENI FALEOMAVAEGA JR,true
F000372,HON. RODNEY P. FRELINGHUYSEN,REP. RODNEY FRELINGHUYSEN,true
L000566,HON. ROBERT E LATTA,REP. ROBERT 'BOB' LATTA,true
H000324,HON. ALCEE L. HASTINGS,REP. ALCEE HASTINGS SR.,true
C000537,HON. JAMES E. CLYBURN,REP. JAMES 'JIM' CLYBURN,true
B000410,HON. HOWARD BERMAN,REP. HOWARD BERMAN,true
P000265,HON. THOMAS E. PETRI,REP. THOMAS 'TOM' PETRI,true
D000191,HON. PETER A. DEFAZIO,REP. PETER DEFAZIO,true
W000215,HON. HENRY A. WAXMAN,REP. HENRY WAXMAN,true
O000006,HON. JAMES L. OBERSTAR,REP. JAMES 'JIM' OBERSTAR,false
O000107,HON. SOLOMON P. ORTIZ,REP. SOLOMON ORTIZ SR.,false
P000149,HON. DONALD M. PAYNE,REP. DONALD PAYNE,true
P000523,HON. DAVID E. PRICE,REP. DAVID PRICE,true
M000508,"HON. HOWARD P. ""BUCK"" MCKEON",REP. HOWARD 'BUCK' MCKEON,true
C000714,"HON. JOHN CONYERS, JR.",REP. JOHN CONYERS JR.,true
B000490,HON. SANFORD BISHOP,REP. SANFORD BISHOP JR.,true
S000749,"HON. JOHN M. SPRATT, JR.",REP. JOHN SPRATT JR.,false
W000672,HON. FRANK R. WOLF,REP. FRANK WOLF,true
M000844,HON. ALAN B. MOLLOHAN,REP. ALAN MOLLOHAN,false
S000522,HON. CHRISTOPHER H. SMITH,REP. CHRISTOPHER 'CHRIS' SMITH,true
B000461,HON. BRIAN P BILBRAY,REP. BRIAN BILBRAY,true
W000207,HON. MELVIN L. WATT,REP. MELVIN 'MEL' WATT,true
L000263,HON. SANDER M. LEVIN,REP. SANDER 'SANDY' LEVIN,true
C000794,HON. JERRY F. COSTELLO,REP. JERRY COSTELLO,true
K000172,HON. DALE E. KILDEE,REP. DALE KILDEE,true
A000363,HON. MICHAEL A. ARCURI,REP. MICHAEL ARCURI,false
H000627,HON. MAURICE D. HINCHEY,REP. MAURICE HINCHEY,true
S000248,HON. JOSE E. SERRANO,REP. JOSE SERRANO,true
L000553,HON. STEVEN C. LATOURETTE,REP. STEVEN LATOURETTE,true
E000215,HON. ANNA G. ESHOO,REP. ANNA ESHOO,true
K000113,HON. PATRICK J. KENNEDY,REP. PATRICK KENNEDY,false
T000038,HON. JOHN S. TANNER,REP. JOHN TANNER,false
D000327,HON. NORMAN D. DICKS,REP. NORMAN 'NORM' DICKS,true
J000288,"HON. HENRY C. ""HANK"" JOHNSON, JR.",REP. HENRY 'HANK' JOHNSON JR.,true
S000244,"HON. F. JAMES SENSENBRENNER, JR.",REP. JAMES 'JIM' SENSENBRENNER JR.,true
R000578,HON. DAVID G REICHERT,REP. DAVID 'DAVE' REICHERT,true
V000081,HON. NYDIA M. VELAZQUEZ,REP. NYDIA VELAZQUEZ,true
D000482,HON. MICHAEL F. DOYLE,REP. MICHAEL 'MIKE' DOYLE JR.,true
C000243,HON. MICHAEL N. CASTLE,REP. MICHAEL CASTLE,false
L000491,HON. FRANK D. LUCAS,REP. FRANK LUCAS,true
L000480,HON. NITA M. LOWEY,REP. NITA LOWEY,true
R000487,HON. EDWARD R. ROYCE,REP. EDWARD 'ED' ROYCE,true
M001167,HON. HARRY E MITCHELL,REP. HARRY MITCHELL,false
O000085,HON. JOHN W. OLVER,REP. JOHN OLVER,true
L000517,HON. DANIEL E LUNGREN,REP. DANIEL 'DAN' LUNGREN,true
M001138,HON. DONALD A. MANZULLO,REP. DONALD 'DON' MANZULLO,true
B000589,HON. JOHN A. BOEHNER,REP. JOHN BOEHNER,true
S001188,HON. MARLIN A. STUTZMAN,REP. MARLIN STUTZMAN,true
R000011,HON. NICK J. RAHALL II,REP. NICK JOE 'NICK' RAHALL II,true
J000255,HON. WALTER B. JONES,REP. WALTER JONES JR.,true
V000108,HON. PETER J. VISCLOSKY,REP. PETER 'PETE' VISCLOSKY,true
L000554,HON. FRANK A. LOBIONDO,REP. FRANK LOBIONDO,true
R000515,HON. BOBBY L. RUSH,REP. BOBBY RUSH,true
C001062,HON. K.MICHAEL CONAWAY,REP. K. MICHAEL 'MIKE' CONAWAY,true
D000355,HON. JOHN D. DINGELL,REP. JOHN DINGELL,true
R000585,HON. TOM REED,REP. THOMAS 'TOM' REED II,true
J000283,"HON. JESSE L. JACKSON, JR.",REP. JESSE JACKSON JR.,true
S000275,HON. JOHN B. SHADEGG,REP. JOHN SHADEGG,false
F000443,HON. MIKE FERGUSON,REP. MICHAEL 'MIKE' FERGUSON,false
C000266,HON. STEVE CHABOT,REP. STEVEN 'STEVE' CHABOT,true
Y000031,HON. C.W. BILL YOUNG,,
W000798,HON. TIM WALBERG,REP. TIMOTHY 'TIM' WALBERG,true
H001057,HON. TIM HUELSKAMP,REP. TIM HUELSKAMP,true
J000032,HON. SHEILA JACKSON LEE,REP. SHEILA JACKSON LEE,true
J000292,HON. BILL JOHNSON,REP. BILL JOHNSON,true
H001059,HON. RANDY HULTGREN,REP. RANDY HULTGREN,true
R000594,HON. JON RUNYAN,REP. JON RUNYAN,true
B001272,HON. RICK BERG,REP. RICK BERG,true
R000586,HON. JAMES B. RENACCI,REP. JIM RENACCI,true
D000612,HON. JEFF DENHAM,REP. JEFF DENHAM,true
G000563,HON. BOB GIBBS,REP. BOB GIBBS,true
C000984,HON. ELIJAH E. CUMMINGS,REP. ELIJAH CUMMINGS,true
H001054,HON. NAN A. S. HAYWORTH,REP. NAN HAYWORTH,true
M001134,HON. SUE WILKINS MYRICK,REP. SUE MYRICK,true
P000588,HON. STEVAN PEARCE,REP. STEVAN 'STEVE' PEARCE,true
T000469,HON. PAUL TONKO,REP. PAUL TONKO,true
K000375,HON. WILLIAM R. KEATING,REP. BILL KEATING,true
T000470,HON. SCOTT R. TIPTON,REP. SCOTT TIPTON,true
B000490,"HON. SANFORD D. BISHOP, JR.",REP. SANFORD BISHOP JR.,true
D000613,HON. ROBERT J. DOLD,REP. ROBERT DOLD JR.,true
L000573,HON. RAUL R. LABRADOR,REP. RAUL LABRADOR,true
N000184,HON. KRISTI L. NOEM,REP. KRISTI NOEM,true
P000602,HON. MIKE POMPEO,REP. MICHAEL 'MIKE' POMPEO,true
R000593,HON. DENNIS A. ROSS,REP. DENNIS ROSS,true
E000291,HON. RENEE L. ELLMERS,REP. RENEE ELLMERS,true
R000588,HON. CEDRIC L. RICHMOND,REP. CEDRIC RICHMOND,true
F000459,"HON. CHARLES J. ""CHUCK"" FLEISCHMANN",REP. CHUCK FLEISCHMANN,true
B000220,HON. CHARLES F. BASS,REP. CHARLES 'CHARLIE' BASS,true
A000367,HON. JUSTIN A. AMASH,REP. JUSTIN AMASH,true
R000589,HON. E. SCOTT RIGELL,REP. SCOTT RIGELL,true
H001055,HON. JOSEPH J. HECK,REP. JOE HECK,true
N000186,HON. ALAN NUNNELEE,REP. PATRICK 'ALAN' NUNNELEE,true
S001183,HON. DAVID SCHWEIKERT,REP. DAVID SCHWEIKERT,true
K000378,HON. ADAM KINZINGER,REP. ADAM KINZINGER,true
M001182,HON. MICK MULVANEY,REP. JOHN  'MICK' MULVANEY,true
F000461,HON. BILL FLORES,REP. BILL FLORES,true
S001184,HON. TIM SCOTT,REP. TIM SCOTT,true
H001060,HON. ROBERT HURT,REP. ROBERT HURT,true
H001051,HON. RICHARD L. HANNA,REP. RICHARD HANNA,true
M001163,HON. DORIS O. MATSUI,REP. DORIS MATSUI,true
B000461,HON. BRIAN P. BILBRAY,REP. BRIAN BILBRAY,true
G000564,HON. CHRISTOPHER P. GIBSON,REP. CHRISTOPHER GIBSON,true
D000615,HON. JEFF DUNCAN,REP. JEFF DUNCAN,true
H001053,HON. VICKY HARTZLER,REP. VICKY HARTZLER,true
W000809,HON. STEVE WOMACK,REP. STEVE WOMACK,true
N000185,HON. RICHARD B. NUGENT,REP. RICHARD NUGENT,true
G000570,HON. FRANK C. GUINTA,REP. FRANK GUINTA,true
W000807,HON. ALLEN B. WEST,REP. ALLEN WEST,true
B001245,HON. MADELEINE Z. BORDALLO,DEL. MADELINE BORDALLO,true
B001262,HON. PAUL C. BROUN,REP. PAUL BROUN,true
L000575,HON. JAMES LANKFORD,REP. JAMES LANKFORD,true
C001086,HON. CHIP CRAVAACK,REP. CHIP CRAVAACK,true
S001186,HON. STEVE SOUTHERLAND II,REP. WILLIAM 'STEVE' SOUTHERLAND II,true
A000366,HON. SANDY ADAMS,REP. SANDRA ADAMS,true
B001269,HON. LOU BARLETTA,REP. LOU BARLETTA,true
H001052,HON. ANDY HARRIS,REP. ANDY HARRIS,true
K000376,HON. MIKE KELLY,REP. GEORGE 'MIKE' KELLY JR.,true
B001271,HON. DAN BENISHEK,REP. DAN BENISHEK,true
L000574,HON. JEFFREY M. LANDRY,REP. JEFF LANDRY,true
Y000064,HON. TODD C. YOUNG,REP. TODD YOUNG,true
S001187,HON. STEVE STIVERS,REP. STEVEN STIVERS,true
S001182,HON. ROBERT T. SCHILLING,REP. ROBERT 'BOBBY' SCHILLING,true
C001084,HON. DAVID N. CICILLINE,REP. DAVID CICILLINE,true
L000576,HON. BILLY LONG,REP. BILLY LONG,true
B001273,HON. DIANE BLACK,REP. DIANE BLACK,true
G000569,HON. MICHAEL G. GRIMM,REP. MIKE GRIMM,true
Y000063,HON. KEVIN YODER,REP. KEVIN YODER,true
C001087,"HON. ERIC A. ""RICK"" CRAWFORD",REP. RICK CRAWFORD,true
C001085,HON. HANSEN CLARKE,REP. HANSEN CLARKE,true
G000567,HON. TIM GRIFFIN,REP. TIM GRIFFIN,true
P000601,HON. STEVEN M. PALAZZO,REP. STEVEN PALAZZO,true
W000808,HON. FREDERICA S. WILSON,REP. FREDERICA WILSON,true
C001082,"HON. FRANCISCO ""QUICO"" CANSECO",REP. FRANCISCO 'QUICO' CANSECO,true
M001181,HON. PATRICK MEEHAN,REP. PATRICK MEEHAN,true
G000566,HON. TREY GOWDY,REP. TREY GOWDY,true
F000451,HON. MICHAEL G. FITZPATRICK,REP. MICHAEL 'MIKE' FITZPATRICK,true
M001180,HON. DAVID B. MCKINLEY,REP. DAVID MCKINLEY,true
S001185,HON. TERRI A. SEWELL,REP. TERRI SEWELL,true
D000614,HON. SEAN P. DUFFY,REP. SEAN DUFFY,true
S000185,"HON. ROBERT C. ""BOBBY"" SCOTT",REP. ROBERT 'BOBBY' SCOTT,true
G000562,HON. CORY GARDNER,REP. CORY GARDNER,true
Q000024,HON. BENJAMIN QUAYLE,REP. BEN QUAYLE,true
H001058,HON. BILL HUIZENGA,REP. BILL HUIZENGA,true
H001050,HON. COLLEEN W. HANABUSA,REP. COLLEEN HANABUSA,true
D000616,HON. SCOTT DESJARLAIS,REP. SCOTT DESJARLAIS,true
R000587,HON. REID J. RIBBLE,REP. REID RIBBLE,true
B001275,HON. LARRY BUCSHON,REP. LARRY BUCSHON,true
F000460,HON. BLAKE FARENTHOLD,REP. BLAKE FARENTHOLD,true
R000592,HON. TODD ROKITA,REP. TODD ROKITA,true
R000577,HON. TIM RYAN,REP. TIMOTHY 'TIM' RYAN,true
B000410,HON. HOWARD L. BERMAN,REP. HOWARD BERMAN,true
B001274,HON. MO BROOKS,REP. MO BROOKS,true
W000811,HON. JOE WALSH,REP. JOE WALSH,true
M001179,HON. TOM MARINO,REP. THOMAS MARINO,true
F000458,HON. STEPHEN LEE FINCHER,REP. STEPHEN FINCHER,true
B001270,HON. KAREN BASS,REP. KAREN BASS,true
W000806,HON. DANIEL WEBSTER,REP. DANIEL WEBSTER,true
R000590,HON. DAVID RIVERA,REP. DAVID RIVERA,true
L000568,HON. CHRISTOPHER JOHN LEE,REP. CHRISTOPHER LEE,true
W000810,HON. ROB WOODALL,REP. ROB WOODALL,true
G000565,HON. PAUL A. GOSAR,REP. PAUL GOSAR,true
B001276,HON. ANN MARIE BUERKLE,REP. ANN BUERKLE,true
R000591,HON. MARTHA ROBY,REP. MARTHA ROBY,true
S001189,HON. AUSTIN SCOTT,,
G000568,HON. H. MORGAN GRIFFITH,,
H001056,HON. JAIME HERRERA BEUTLER,,
C001083,"HON. JOHN C. CARNEY, JR.",,
S000749,HON. JOHN M. SPRATT JR.,REP. JOHN SPRATT JR.,
M001175,HON. WALT MINNICK,REP. WALTER 'WALT' MINNICK,
R000568,HON. CIRO D. RODRIGUEZ,REP. CIRO RODRIGUEZ,
K000371,HON. FRANK KRAVOTIL JR.,,
H001062,HON. KATHLEEN C. HOCHUL,REP. KATHY HOCHUL,true
M000472,HON. JOHN M. MCHUGH,REP. JOHN MCHUGH,false
T000471,HON. ROBERT L. TURNER,REP. ROBERT 'BOB' TURNER,true
A000369,HON. MARK E. AMODEI,REP. MARK AMODEI,true
H001063,HON. JANICE HAHN,REP. JANICE HAHN,true
K000288,HON. JOE KNOLLENBERG,REP. JOSEPH 'JOE' KNOLLENBERG,false
J000070,HON. WILLIAM J JEFFERSON,REP. WILLIAM JEFFERSON,false
A000357,HON. THOMAS H. ALLEN,REP. THOMAS 'TOM' ALLEN,false
U000039,HON. TOM UDALL,SEN. TOM UDALL,true
T000458,HON. THOMAS G. TANCREDO,REP. TOM TANCREDO,false
P000555,HON. DEBORAH PRYCE,REP. DEBORAH PRYCE,false
W000267,HON. DAVE WELDON,REP. DAVID WELDON,false
J000287,HON. BOBBY JINDAL,REP. PIYUSH 'BOBBY' JINDAL,false
H000948,HON. KENNY C. HULSHOF,REP. KENNY HULSHOF,false
M001120,HON. JOHN P MURTHA,REP. JOHN 'JACK' MURTHA,false
S001144,HON. CHRISTOPHER SHAYS,REP. CHRISTOPHER SHAYS,false
R000569,HON. THOMAS M. REYNOLDS,REP. THOMAS REYNOLDS,false
P000323,"HON. CHARLES ""CHIP"" PICKERING",REP. CHARLES 'CHIP' PICKERING JR.,false
D000136,HON. TOM DAVIS,REP. THOMAS 'TOM' DAVIS III,false
F000440,HON. VITO FOSSELLA,REP. VITO FOSSELLA JR.,false
G000280,"HON. VIRGIL H. GOODE, JR.",REP. VIRGIL GOODE JR.,false
D000605,HON. THELMA D. DRAKE,REP. THELMA DRAKE,false
C001073,"HON. DONALD J. CAZAYOUX, JR.",REP. DONALD 'DON' CAZAYOUX JR.,false
C000962,HON. BARBARA CUBIN,REP. BARBARA CUBIN,false
R000033,HON. JIM RAMSTAD,REP. JAMES 'JIM' RAMSTAD,false
M000714,HON.JUANITA MILLENDER-MCDONALD,REP. JUANITA MILLENDER-MCDONALD,false
L000293,HON. RON LEWIS,REP. RON LEWIS,false
J000284,HON. STEPHANIE TUBBS JONES,REP. STEPHANIE JONES,false
K000364,"HON. JOHN R. ""RANDY"" KUHL, JR.",REP. JOHN 'RANDY' KUHL JR.,false
W000789,HON. HEATHER WILSON,REP. HEATHER WILSON,false
U000038,HON. MARK UDALL,SEN. MARK UDALL,true
W000099,HON. JAMES T WALSH,REP. JAMES 'JIM' WALSH,false
C000266,HON. STEVEN J CHABOT,REP. STEVEN 'STEVE' CHABOT,true
F000447,HON. TOM FEENEY,REP. TOM FEENEY,false
F000452,HON. LUIS G. FORTUNO,COM. LUIS FORTUNO,false
G000180,HON. WAYNE T. GILCHREST,REP. WAYNE GILCHREST,false
L000552,HON. RAY LAHOOD,REP. RAY LAHOOD,false
C000116,HON. CHRIS CANNON,REP. CHRIS CANNON,false
C000868,HON. BUD CRAMER,REP. ROBERT 'BUD' CRAMER,false
L000090,HON. TOM LANTOS,REP. THOMAS 'TOM' LANTOS,false
D000606,HON. DAVID DAVIS,REP. DAVID DAVIS,false
N000159,HON. CHARLIE W NORWOOD JR,,
B001278,HON. SUZANNE BONAMICI,REP. SUZANNE BONAMICI,true
B001279,HON. RON BARBER,REP. RON BARBER,true
